{	
	"name": "Flip Level",
	"width": 8,
	"height": 6,
	"active": [
	    [" "," "," "," "," "," "," "," "],
	    
	    [" ","b","B"," "," "," "," "," "],
	    
	    [" "," "," "," "," "," "," "," "],	
	    
	    [" "," "," "," "," "," "," "," "],
	    
	    [" "," "," "," "," "," "," "," "],
	    
	    [" "," "," "," "," "," "," "," "]
	],
	"fixed":[
	    ["#","#","#","#","#","#","#","#"],
	    
	    ["#"," "," "," "," ","G","g","#"],
	    	    
	    ["#"," "," "," "," "," "," ","#"],
	    
	    ["#"," "," "," "," ","#"," ","#"],
	    
	    ["#"," "," "," "," "," "," ","#"],
	    
	    ["#","#","#","#","#","#","#","#"]
	]
}