{"name":"test","width":6,"height":8,"starLevels":[10,5],"tutorial":["tutorial4","tutorial5"],"active":[[" "," "," "," "," "," "],[" "," "," ","b","B"," "],[" "," "," "," "," "," "],[" "," "," "," "," "," "],[" "," "," "," "," "," "],[" "," "," "," "," "," "],[" "," "," "," "," "," "],[" "," "," "," "," "," "]],"fixed":[["n","n","n","#","#","#"],["n","n","n"," "," ","#"],["#","n","n","n","n","n"],["#","n","n","#","#","n"],["n","n","n","g","G","n"],["n","n","n","n","n","#"],["n","n","n","n","n","#"],["n","#","#","n","n","n"]],"saved":true}