{	
	"name": "Passage Level",
	"width": 8,
	"height": 6,
	"active": [
	    
	    [" "," "," "," "," "," "," "," "],
	    
	    [" ","b"," "," "," "," "," "," "],
	    
	    [" "," "," "," "," "," "," "," "],
	    
	    [" "," "," "," "," "," "," "," "],
	    
	    [" "," "," ","B"," "," "," "," "],

	    [" "," "," "," "," "," "," "," "]
	],
	"fixed":[
	    
	    ["#","#","#","#","#","#","#","#"],
	    
	    ["#"," "," ","0","0"," "," ","#"],
	    
	    ["#"," ","#"," ","G","#"," ","#"],
	    
	    ["#"," ","#","#"," "," "," ","#"],
	    
	    ["#","g","#"," "," "," "," ","#"],
	    
	    ["#","#","#","#","#","#","#","#"]
	]
}