{	
	"name": "Start Level 3",
	"width": 8,
	"height": 6,
	"active": [
	    [" "," "," "," "," "," "," "," "],
	    
	    [" ","b","B"," "," "," "," "," "],
	    
	    [" "," "," "," "," "," "," "," "],
	    	    
	    [" "," "," "," "," "," "," "," "],
	    
	    [" "," "," "," "," "," "," "," "],
	    
	    [" "," "," "," "," "," "," "," "]
	],
	"fixed":[
	    ["#","#","#","#","#","#","#","#"],
	    
	    ["#"," "," ","#","g"," "," ","#"],
	    	    
	    ["#"," "," ","#","G","#"," ","#"],
	    
	    ["#"," "," ","#","#","#"," ","#"],
	    
	    ["#"," "," "," "," "," "," ","#"],
	     
	    ["#","#","#","#","#","#","#","#"]
	]
}