{"saved":true,"name":"test","height":8,"width":7,"active":[[" "," "," "," "," "," "," "],[" "," "," "," ","b"," "," "],[" "," "," "," "," "," "," "],[" "," "," "," "," "," "," "],[" ","B"," "," "," "," "," "],[" "," "," "," "," "," "," "],[" "," "," "," "," "," "," "],[" "," "," "," "," "," "," "]],"fixed":[["#","#","#","#","#","#","#"],["#","5","+","+"," "," ","#"],["#","#","#","#","#"," ","#"],["#","#"," ","#"," "," ","#"],["#"," "," "," "," "," ","#"],["#","#","7","#","#","7","#"],["#"," "," ","+","g","G","#"],["#","#","#","#","#","#","#"]],"starLevels":[30,24]}