{"name":"test","width":6,"height":8,"starLevels":[14,9],"active":[[" "," "," "," "," "," "],[" ","b"," "," "," "," "],[" "," "," "," "," "," "],[" "," "," "," "," "," "],[" ","B"," "," "," "," "],[" "," "," "," "," "," "],[" "," "," "," "," "," "],[" "," "," "," "," "," "]],"fixed":[["#","#","#","#","#","n"],["#"," "," "," ","#","#"],["#","G"," "," "," ","#"],["#","#","#"," "," ","#"],["#"," ","#"," "," ","#"],["#"," "," "," "," ","#"],["#","g"," "," ","#","#"],["#","#","#","#","#","n"]],"saved":true}