{	
	"name": "Wall Gate Level",
	"width": 9,
	"height": 6,
	"tutorial": [
		"tutorial8",
        "tutorial9"
	],
	"active": [
	    [" "," "," "," "," "," "," "," "," "],
	    
	    [" ","b","B"," "," "," "," "," "," "],
	    
	    [" "," "," "," "," "," "," "," "," "],
	    	    
	    [" "," "," "," "," "," "," "," "," "],
	    
	    [" "," "," "," "," "," "," "," "," "],
	    	    
	    [" "," "," "," "," "," "," "," "," "]
	],
	"fixed":[
	    ["#","#","#","#","#","#","#","#","#"],
	    
	    ["#"," "," ","#"," "," "," "," ","#"],
	    	    
	    ["#"," "," "," "," "," "," "," ","#"],
	    
	    ["#","#","#"," "," ","13"," "," ","#"],
	    
	    ["#","g","G","15"," "," "," ","#","#"],
	    	    
	    ["#","#","#","#","#","#","#","#","#"]
	]
}