{"frames": [

{
	"filename": "SpriteSheet0001",
	"frame": {"x":1,"y":990,"w":195,"h":215},
	"rotated": false,
	"trimmed": true,
	"spriteSourceSize": {"x":31,"y":79,"w":195,"h":215},
	"sourceSize": {"w":256,"h":320}
},
{
	"filename": "SpriteSheet0002",
	"frame": {"x":197,"y":1036,"w":195,"h":215},
	"rotated": false,
	"trimmed": true,
	"spriteSourceSize": {"x":31,"y":79,"w":195,"h":215},
	"sourceSize": {"w":256,"h":320}
},
{
	"filename": "SpriteSheet0003",
	"frame": {"x":1,"y":775,"w":195,"h":214},
	"rotated": false,
	"trimmed": true,
	"spriteSourceSize": {"x":31,"y":80,"w":195,"h":214},
	"sourceSize": {"w":256,"h":320}
},
{
	"filename": "SpriteSheet0004",
	"frame": {"x":1,"y":561,"w":195,"h":213},
	"rotated": false,
	"trimmed": true,
	"spriteSourceSize": {"x":31,"y":81,"w":195,"h":213},
	"sourceSize": {"w":256,"h":320}
},
{
	"filename": "SpriteSheet0005",
	"frame": {"x":1555,"y":211,"w":195,"h":211},
	"rotated": false,
	"trimmed": true,
	"spriteSourceSize": {"x":31,"y":83,"w":195,"h":211},
	"sourceSize": {"w":256,"h":320}
},
{
	"filename": "SpriteSheet0006",
	"frame": {"x":771,"y":209,"w":195,"h":210},
	"rotated": false,
	"trimmed": true,
	"spriteSourceSize": {"x":31,"y":84,"w":195,"h":210},
	"sourceSize": {"w":256,"h":320}
},
{
	"filename": "SpriteSheet0007",
	"frame": {"x":1496,"y":1,"w":195,"h":209},
	"rotated": false,
	"trimmed": true,
	"spriteSourceSize": {"x":31,"y":85,"w":195,"h":209},
	"sourceSize": {"w":256,"h":320}
},
{
	"filename": "SpriteSheet0008",
	"frame": {"x":1692,"y":1,"w":195,"h":209},
	"rotated": false,
	"trimmed": true,
	"spriteSourceSize": {"x":31,"y":85,"w":195,"h":209},
	"sourceSize": {"w":256,"h":320}
},
{
	"filename": "SpriteSheet0009",
	"frame": {"x":1,"y":139,"w":195,"h":209},
	"rotated": false,
	"trimmed": true,
	"spriteSourceSize": {"x":31,"y":85,"w":195,"h":209},
	"sourceSize": {"w":256,"h":320}
},
{
	"filename": "SpriteSheet0010",
	"frame": {"x":967,"y":209,"w":195,"h":210},
	"rotated": false,
	"trimmed": true,
	"spriteSourceSize": {"x":31,"y":84,"w":195,"h":210},
	"sourceSize": {"w":256,"h":320}
},
{
	"filename": "SpriteSheet0011",
	"frame": {"x":1751,"y":244,"w":195,"h":211},
	"rotated": false,
	"trimmed": true,
	"spriteSourceSize": {"x":31,"y":83,"w":195,"h":211},
	"sourceSize": {"w":256,"h":320}
},
{
	"filename": "SpriteSheet0012",
	"frame": {"x":1028,"y":635,"w":195,"h":213},
	"rotated": false,
	"trimmed": true,
	"spriteSourceSize": {"x":31,"y":81,"w":195,"h":213},
	"sourceSize": {"w":256,"h":320}
},
{
	"filename": "SpriteSheet0013",
	"frame": {"x":1013,"y":849,"w":195,"h":214},
	"rotated": false,
	"trimmed": true,
	"spriteSourceSize": {"x":31,"y":80,"w":195,"h":214},
	"sourceSize": {"w":256,"h":320}
},
{
	"filename": "SpriteSheet0014",
	"frame": {"x":393,"y":1049,"w":195,"h":215},
	"rotated": false,
	"trimmed": true,
	"spriteSourceSize": {"x":31,"y":79,"w":195,"h":215},
	"sourceSize": {"w":256,"h":320}
},
{
	"filename": "SpriteSheet0015",
	"frame": {"x":1,"y":990,"w":195,"h":215},
	"rotated": false,
	"trimmed": true,
	"spriteSourceSize": {"x":31,"y":79,"w":195,"h":215},
	"sourceSize": {"w":256,"h":320}
},
{
	"filename": "SpriteSheet0016",
	"frame": {"x":589,"y":1060,"w":195,"h":215},
	"rotated": false,
	"trimmed": true,
	"spriteSourceSize": {"x":31,"y":79,"w":195,"h":215},
	"sourceSize": {"w":256,"h":320}
},
{
	"filename": "SpriteSheet0017",
	"frame": {"x":1224,"y":636,"w":195,"h":213},
	"rotated": false,
	"trimmed": true,
	"spriteSourceSize": {"x":31,"y":81,"w":195,"h":213},
	"sourceSize": {"w":256,"h":320}
},
{
	"filename": "SpriteSheet0018",
	"frame": {"x":1,"y":349,"w":195,"h":211},
	"rotated": false,
	"trimmed": true,
	"spriteSourceSize": {"x":31,"y":83,"w":195,"h":211},
	"sourceSize": {"w":256,"h":320}
},
{
	"filename": "SpriteSheet0019",
	"frame": {"x":379,"y":187,"w":195,"h":209},
	"rotated": false,
	"trimmed": true,
	"spriteSourceSize": {"x":31,"y":85,"w":195,"h":209},
	"sourceSize": {"w":256,"h":320}
},
{
	"filename": "SpriteSheet0020",
	"frame": {"x":1163,"y":210,"w":195,"h":210},
	"rotated": false,
	"trimmed": true,
	"spriteSourceSize": {"x":31,"y":84,"w":195,"h":210},
	"sourceSize": {"w":256,"h":320}
},
{
	"filename": "SpriteSheet0021",
	"frame": {"x":575,"y":409,"w":195,"h":212},
	"rotated": false,
	"trimmed": true,
	"spriteSourceSize": {"x":31,"y":82,"w":195,"h":212},
	"sourceSize": {"w":256,"h":320}
},
{
	"filename": "SpriteSheet0022",
	"frame": {"x":1602,"y":669,"w":195,"h":213},
	"rotated": false,
	"trimmed": true,
	"spriteSourceSize": {"x":31,"y":81,"w":195,"h":213},
	"sourceSize": {"w":256,"h":320}
},
{
	"filename": "SpriteSheet0023",
	"frame": {"x":1,"y":990,"w":195,"h":215},
	"rotated": false,
	"trimmed": true,
	"spriteSourceSize": {"x":31,"y":79,"w":195,"h":215},
	"sourceSize": {"w":256,"h":320}
},
{
	"filename": "SpriteSheet0024",
	"frame": {"x":785,"y":1061,"w":195,"h":215},
	"rotated": false,
	"trimmed": true,
	"spriteSourceSize": {"x":31,"y":79,"w":195,"h":215},
	"sourceSize": {"w":256,"h":320}
},
{
	"filename": "SpriteSheet0025",
	"frame": {"x":981,"y":1064,"w":195,"h":215},
	"rotated": false,
	"trimmed": true,
	"spriteSourceSize": {"x":31,"y":79,"w":195,"h":215},
	"sourceSize": {"w":256,"h":320}
},
{
	"filename": "SpriteSheet0026",
	"frame": {"x":1177,"y":1065,"w":195,"h":215},
	"rotated": false,
	"trimmed": true,
	"spriteSourceSize": {"x":31,"y":79,"w":195,"h":215},
	"sourceSize": {"w":256,"h":320}
},
{
	"filename": "SpriteSheet0027",
	"frame": {"x":1373,"y":1098,"w":195,"h":215},
	"rotated": false,
	"trimmed": true,
	"spriteSourceSize": {"x":31,"y":79,"w":195,"h":215},
	"sourceSize": {"w":256,"h":320}
},
{
	"filename": "SpriteSheet0028",
	"frame": {"x":1569,"y":1098,"w":195,"h":215},
	"rotated": false,
	"trimmed": true,
	"spriteSourceSize": {"x":31,"y":79,"w":195,"h":215},
	"sourceSize": {"w":256,"h":320}
},
{
	"filename": "SpriteSheet0029",
	"frame": {"x":1765,"y":1098,"w":195,"h":215},
	"rotated": false,
	"trimmed": true,
	"spriteSourceSize": {"x":31,"y":79,"w":195,"h":215},
	"sourceSize": {"w":256,"h":320}
},
{
	"filename": "SpriteSheet0030",
	"frame": {"x":1,"y":1206,"w":195,"h":215},
	"rotated": false,
	"trimmed": true,
	"spriteSourceSize": {"x":31,"y":79,"w":195,"h":215},
	"sourceSize": {"w":256,"h":320}
},
{
	"filename": "SpriteSheet0031",
	"frame": {"x":1,"y":990,"w":195,"h":215},
	"rotated": false,
	"trimmed": true,
	"spriteSourceSize": {"x":31,"y":79,"w":195,"h":215},
	"sourceSize": {"w":256,"h":320}
},
{
	"filename": "SpriteSheet0032",
	"frame": {"x":1569,"y":1314,"w":195,"h":216},
	"rotated": false,
	"trimmed": true,
	"spriteSourceSize": {"x":31,"y":78,"w":195,"h":216},
	"sourceSize": {"w":256,"h":320}
},
{
	"filename": "SpriteSheet0033",
	"frame": {"x":1765,"y":1314,"w":195,"h":217},
	"rotated": false,
	"trimmed": true,
	"spriteSourceSize": {"x":31,"y":77,"w":195,"h":217},
	"sourceSize": {"w":256,"h":320}
},
{
	"filename": "SpriteSheet0034",
	"frame": {"x":1,"y":1422,"w":195,"h":218},
	"rotated": false,
	"trimmed": true,
	"spriteSourceSize": {"x":31,"y":76,"w":195,"h":218},
	"sourceSize": {"w":256,"h":320}
},
{
	"filename": "SpriteSheet0035",
	"frame": {"x":197,"y":1468,"w":195,"h":218},
	"rotated": false,
	"trimmed": true,
	"spriteSourceSize": {"x":31,"y":76,"w":195,"h":218},
	"sourceSize": {"w":256,"h":320}
},
{
	"filename": "SpriteSheet0036",
	"frame": {"x":393,"y":1481,"w":195,"h":218},
	"rotated": false,
	"trimmed": true,
	"spriteSourceSize": {"x":31,"y":76,"w":195,"h":218},
	"sourceSize": {"w":256,"h":320}
},
{
	"filename": "SpriteSheet0037",
	"frame": {"x":589,"y":1492,"w":195,"h":219},
	"rotated": false,
	"trimmed": true,
	"spriteSourceSize": {"x":31,"y":75,"w":195,"h":219},
	"sourceSize": {"w":256,"h":320}
},
{
	"filename": "SpriteSheet0038",
	"frame": {"x":785,"y":1493,"w":195,"h":219},
	"rotated": false,
	"trimmed": true,
	"spriteSourceSize": {"x":31,"y":75,"w":195,"h":219},
	"sourceSize": {"w":256,"h":320}
},
{
	"filename": "SpriteSheet0039",
	"frame": {"x":1,"y":990,"w":195,"h":215},
	"rotated": false,
	"trimmed": true,
	"spriteSourceSize": {"x":31,"y":79,"w":195,"h":215},
	"sourceSize": {"w":256,"h":320}
},
{
	"filename": "SpriteSheet0040",
	"frame": {"x":197,"y":1252,"w":195,"h":215},
	"rotated": false,
	"trimmed": true,
	"spriteSourceSize": {"x":31,"y":79,"w":195,"h":215},
	"sourceSize": {"w":256,"h":320}
},
{
	"filename": "SpriteSheet0041",
	"frame": {"x":393,"y":1265,"w":195,"h":215},
	"rotated": false,
	"trimmed": true,
	"spriteSourceSize": {"x":31,"y":79,"w":195,"h":215},
	"sourceSize": {"w":256,"h":320}
},
{
	"filename": "SpriteSheet0042",
	"frame": {"x":589,"y":1276,"w":195,"h":215},
	"rotated": false,
	"trimmed": true,
	"spriteSourceSize": {"x":31,"y":79,"w":195,"h":215},
	"sourceSize": {"w":256,"h":320}
},
{
	"filename": "SpriteSheet0043",
	"frame": {"x":785,"y":1277,"w":195,"h":215},
	"rotated": false,
	"trimmed": true,
	"spriteSourceSize": {"x":31,"y":79,"w":195,"h":215},
	"sourceSize": {"w":256,"h":320}
},
{
	"filename": "SpriteSheet0044",
	"frame": {"x":981,"y":1280,"w":195,"h":215},
	"rotated": false,
	"trimmed": true,
	"spriteSourceSize": {"x":31,"y":79,"w":195,"h":215},
	"sourceSize": {"w":256,"h":320}
},
{
	"filename": "SpriteSheet0045",
	"frame": {"x":1177,"y":1281,"w":195,"h":215},
	"rotated": false,
	"trimmed": true,
	"spriteSourceSize": {"x":31,"y":79,"w":195,"h":215},
	"sourceSize": {"w":256,"h":320}
},
{
	"filename": "SpriteSheet0046",
	"frame": {"x":1373,"y":1314,"w":195,"h":215},
	"rotated": false,
	"trimmed": true,
	"spriteSourceSize": {"x":31,"y":79,"w":195,"h":215},
	"sourceSize": {"w":256,"h":320}
},
{
	"filename": "SpriteSheet0047",
	"frame": {"x":1,"y":990,"w":195,"h":215},
	"rotated": false,
	"trimmed": true,
	"spriteSourceSize": {"x":31,"y":79,"w":195,"h":215},
	"sourceSize": {"w":256,"h":320}
},
{
	"filename": "SpriteSheet0048",
	"frame": {"x":1798,"y":669,"w":195,"h":213},
	"rotated": false,
	"trimmed": true,
	"spriteSourceSize": {"x":31,"y":81,"w":195,"h":213},
	"sourceSize": {"w":256,"h":320}
},
{
	"filename": "SpriteSheet0049",
	"frame": {"x":379,"y":397,"w":195,"h":211},
	"rotated": false,
	"trimmed": true,
	"spriteSourceSize": {"x":31,"y":83,"w":195,"h":211},
	"sourceSize": {"w":256,"h":320}
},
{
	"filename": "SpriteSheet0050",
	"frame": {"x":1359,"y":211,"w":195,"h":210},
	"rotated": false,
	"trimmed": true,
	"spriteSourceSize": {"x":31,"y":84,"w":195,"h":210},
	"sourceSize": {"w":256,"h":320}
},
{
	"filename": "SpriteSheet0051",
	"frame": {"x":575,"y":199,"w":195,"h":209},
	"rotated": false,
	"trimmed": true,
	"spriteSourceSize": {"x":31,"y":85,"w":195,"h":209},
	"sourceSize": {"w":256,"h":320}
},
{
	"filename": "SpriteSheet0052",
	"frame": {"x":1300,"y":1,"w":195,"h":208},
	"rotated": false,
	"trimmed": true,
	"spriteSourceSize": {"x":31,"y":86,"w":195,"h":208},
	"sourceSize": {"w":256,"h":320}
},
{
	"filename": "SpriteSheet0053",
	"frame": {"x":908,"y":1,"w":195,"h":207},
	"rotated": false,
	"trimmed": true,
	"spriteSourceSize": {"x":31,"y":87,"w":195,"h":207},
	"sourceSize": {"w":256,"h":320}
},
{
	"filename": "SpriteSheet0054",
	"frame": {"x":1104,"y":1,"w":195,"h":207},
	"rotated": false,
	"trimmed": true,
	"spriteSourceSize": {"x":31,"y":87,"w":195,"h":207},
	"sourceSize": {"w":256,"h":320}
},
{
	"filename": "SpriteSheet0055",
	"frame": {"x":1,"y":990,"w":195,"h":215},
	"rotated": false,
	"trimmed": true,
	"spriteSourceSize": {"x":31,"y":79,"w":195,"h":215},
	"sourceSize": {"w":256,"h":320}
},
{
	"filename": "SpriteSheet0056",
	"frame": {"x":1209,"y":850,"w":199,"h":214},
	"rotated": false,
	"trimmed": true,
	"spriteSourceSize": {"x":37,"y":79,"w":199,"h":214},
	"sourceSize": {"w":256,"h":320}
},
{
	"filename": "SpriteSheet0057",
	"frame": {"x":197,"y":822,"w":203,"h":213},
	"rotated": false,
	"trimmed": true,
	"spriteSourceSize": {"x":41,"y":80,"w":203,"h":213},
	"sourceSize": {"w":256,"h":320}
},
{
	"filename": "SpriteSheet0058",
	"frame": {"x":771,"y":420,"w":205,"h":212},
	"rotated": false,
	"trimmed": true,
	"spriteSourceSize": {"x":45,"y":80,"w":205,"h":212},
	"sourceSize": {"w":256,"h":320}
},
{
	"filename": "SpriteSheet0059",
	"frame": {"x":977,"y":421,"w":208,"h":212},
	"rotated": false,
	"trimmed": true,
	"spriteSourceSize": {"x":46,"y":80,"w":208,"h":212},
	"sourceSize": {"w":256,"h":320}
},
{
	"filename": "SpriteSheet0060",
	"frame": {"x":1186,"y":422,"w":208,"h":212},
	"rotated": false,
	"trimmed": true,
	"spriteSourceSize": {"x":47,"y":80,"w":208,"h":212},
	"sourceSize": {"w":256,"h":320}
},
{
	"filename": "SpriteSheet0061",
	"frame": {"x":1395,"y":423,"w":208,"h":212},
	"rotated": false,
	"trimmed": true,
	"spriteSourceSize": {"x":46,"y":80,"w":208,"h":212},
	"sourceSize": {"w":256,"h":320}
},
{
	"filename": "SpriteSheet0062",
	"frame": {"x":1604,"y":456,"w":205,"h":212},
	"rotated": false,
	"trimmed": true,
	"spriteSourceSize": {"x":45,"y":80,"w":205,"h":212},
	"sourceSize": {"w":256,"h":320}
},
{
	"filename": "SpriteSheet0063",
	"frame": {"x":401,"y":835,"w":203,"h":213},
	"rotated": false,
	"trimmed": true,
	"spriteSourceSize": {"x":41,"y":80,"w":203,"h":213},
	"sourceSize": {"w":256,"h":320}
},
{
	"filename": "SpriteSheet0064",
	"frame": {"x":1409,"y":883,"w":199,"h":214},
	"rotated": false,
	"trimmed": true,
	"spriteSourceSize": {"x":37,"y":79,"w":199,"h":214},
	"sourceSize": {"w":256,"h":320}
},
{
	"filename": "SpriteSheet0065",
	"frame": {"x":1,"y":990,"w":195,"h":215},
	"rotated": false,
	"trimmed": true,
	"spriteSourceSize": {"x":31,"y":79,"w":195,"h":215},
	"sourceSize": {"w":256,"h":320}
},
{
	"filename": "SpriteSheet0066",
	"frame": {"x":197,"y":142,"w":181,"h":225},
	"rotated": false,
	"trimmed": true,
	"spriteSourceSize": {"x":38,"y":78,"w":181,"h":225},
	"sourceSize": {"w":256,"h":320}
},
{
	"filename": "SpriteSheet0067",
	"frame": {"x":1182,"y":1497,"w":170,"h":233},
	"rotated": false,
	"trimmed": true,
	"spriteSourceSize": {"x":43,"y":78,"w":170,"h":233},
	"sourceSize": {"w":256,"h":320}
},
{
	"filename": "SpriteSheet0068",
	"frame": {"x":1752,"y":1532,"w":163,"h":239},
	"rotated": false,
	"trimmed": true,
	"spriteSourceSize": {"x":47,"y":77,"w":163,"h":239},
	"sourceSize": {"w":256,"h":320}
},
{
	"filename": "SpriteSheet0069",
	"frame": {"x":1888,"y":1,"w":158,"h":242},
	"rotated": false,
	"trimmed": true,
	"spriteSourceSize": {"x":49,"y":77,"w":158,"h":242},
	"sourceSize": {"w":256,"h":320}
},
{
	"filename": "SpriteSheet0070",
	"frame": {"x":713,"y":1713,"w":157,"h":243},
	"rotated": false,
	"trimmed": true,
	"spriteSourceSize": {"x":50,"y":77,"w":157,"h":243},
	"sourceSize": {"w":256,"h":320}
},
{
	"filename": "SpriteSheet0071",
	"frame": {"x":1888,"y":1,"w":158,"h":242},
	"rotated": false,
	"trimmed": true,
	"spriteSourceSize": {"x":49,"y":77,"w":158,"h":242},
	"sourceSize": {"w":256,"h":320}
},
{
	"filename": "SpriteSheet0072",
	"frame": {"x":1,"y":1641,"w":163,"h":239},
	"rotated": false,
	"trimmed": true,
	"spriteSourceSize": {"x":47,"y":77,"w":163,"h":239},
	"sourceSize": {"w":256,"h":320}
},
{
	"filename": "SpriteSheet0073",
	"frame": {"x":1581,"y":1531,"w":170,"h":233},
	"rotated": false,
	"trimmed": true,
	"spriteSourceSize": {"x":43,"y":78,"w":170,"h":233},
	"sourceSize": {"w":256,"h":320}
},
{
	"filename": "SpriteSheet0074",
	"frame": {"x":197,"y":368,"w":181,"h":225},
	"rotated": false,
	"trimmed": true,
	"spriteSourceSize": {"x":38,"y":78,"w":181,"h":225},
	"sourceSize": {"w":256,"h":320}
},
{
	"filename": "SpriteSheet0075",
	"frame": {"x":1,"y":990,"w":195,"h":215},
	"rotated": false,
	"trimmed": true,
	"spriteSourceSize": {"x":31,"y":79,"w":195,"h":215},
	"sourceSize": {"w":256,"h":320}
},
{
	"filename": "SpriteSheet0076",
	"frame": {"x":1609,"y":883,"w":199,"h":214},
	"rotated": false,
	"trimmed": true,
	"spriteSourceSize": {"x":22,"y":79,"w":199,"h":214},
	"sourceSize": {"w":256,"h":320}
},
{
	"filename": "SpriteSheet0077",
	"frame": {"x":605,"y":846,"w":203,"h":213},
	"rotated": false,
	"trimmed": true,
	"spriteSourceSize": {"x":14,"y":80,"w":203,"h":213},
	"sourceSize": {"w":256,"h":320}
},
{
	"filename": "SpriteSheet0078",
	"frame": {"x":1810,"y":456,"w":205,"h":212},
	"rotated": false,
	"trimmed": true,
	"spriteSourceSize": {"x":9,"y":80,"w":205,"h":212},
	"sourceSize": {"w":256,"h":320}
},
{
	"filename": "SpriteSheet0079",
	"frame": {"x":197,"y":609,"w":207,"h":212},
	"rotated": false,
	"trimmed": true,
	"spriteSourceSize": {"x":6,"y":80,"w":207,"h":212},
	"sourceSize": {"w":256,"h":320}
},
{
	"filename": "SpriteSheet0080",
	"frame": {"x":405,"y":622,"w":208,"h":212},
	"rotated": false,
	"trimmed": true,
	"spriteSourceSize": {"x":5,"y":80,"w":208,"h":212},
	"sourceSize": {"w":256,"h":320}
},
{
	"filename": "SpriteSheet0081",
	"frame": {"x":614,"y":633,"w":207,"h":212},
	"rotated": false,
	"trimmed": true,
	"spriteSourceSize": {"x":6,"y":80,"w":207,"h":212},
	"sourceSize": {"w":256,"h":320}
},
{
	"filename": "SpriteSheet0082",
	"frame": {"x":822,"y":634,"w":205,"h":212},
	"rotated": false,
	"trimmed": true,
	"spriteSourceSize": {"x":9,"y":80,"w":205,"h":212},
	"sourceSize": {"w":256,"h":320}
},
{
	"filename": "SpriteSheet0083",
	"frame": {"x":809,"y":847,"w":203,"h":213},
	"rotated": false,
	"trimmed": true,
	"spriteSourceSize": {"x":14,"y":80,"w":203,"h":213},
	"sourceSize": {"w":256,"h":320}
},
{
	"filename": "SpriteSheet0084",
	"frame": {"x":1809,"y":883,"w":199,"h":214},
	"rotated": false,
	"trimmed": true,
	"spriteSourceSize": {"x":22,"y":79,"w":199,"h":214},
	"sourceSize": {"w":256,"h":320}
},
{
	"filename": "SpriteSheet0085",
	"frame": {"x":1,"y":990,"w":195,"h":215},
	"rotated": false,
	"trimmed": true,
	"spriteSourceSize": {"x":31,"y":79,"w":195,"h":215},
	"sourceSize": {"w":256,"h":320}
},
{
	"filename": "SpriteSheet0086",
	"frame": {"x":1420,"y":636,"w":181,"h":230},
	"rotated": false,
	"trimmed": true,
	"spriteSourceSize": {"x":38,"y":64,"w":181,"h":230},
	"sourceSize": {"w":256,"h":320}
},
{
	"filename": "SpriteSheet0087",
	"frame": {"x":371,"y":1700,"w":170,"h":242},
	"rotated": false,
	"trimmed": true,
	"spriteSourceSize": {"x":43,"y":52,"w":170,"h":242},
	"sourceSize": {"w":256,"h":320}
},
{
	"filename": "SpriteSheet0088",
	"frame": {"x":871,"y":1725,"w":163,"h":251},
	"rotated": false,
	"trimmed": true,
	"spriteSourceSize": {"x":47,"y":43,"w":163,"h":251},
	"sourceSize": {"w":256,"h":320}
},
{
	"filename": "SpriteSheet0089",
	"frame": {"x":1199,"y":1760,"w":158,"h":256},
	"rotated": false,
	"trimmed": true,
	"spriteSourceSize": {"x":49,"y":38,"w":158,"h":256},
	"sourceSize": {"w":256,"h":320}
},
{
	"filename": "SpriteSheet0090",
	"frame": {"x":1358,"y":1760,"w":157,"h":257},
	"rotated": false,
	"trimmed": true,
	"spriteSourceSize": {"x":50,"y":37,"w":157,"h":257},
	"sourceSize": {"w":256,"h":320}
},
{
	"filename": "SpriteSheet0091",
	"frame": {"x":1199,"y":1760,"w":158,"h":256},
	"rotated": false,
	"trimmed": true,
	"spriteSourceSize": {"x":49,"y":38,"w":158,"h":256},
	"sourceSize": {"w":256,"h":320}
},
{
	"filename": "SpriteSheet0092",
	"frame": {"x":1035,"y":1731,"w":163,"h":251},
	"rotated": false,
	"trimmed": true,
	"spriteSourceSize": {"x":47,"y":43,"w":163,"h":251},
	"sourceSize": {"w":256,"h":320}
},
{
	"filename": "SpriteSheet0093",
	"frame": {"x":542,"y":1712,"w":170,"h":242},
	"rotated": false,
	"trimmed": true,
	"spriteSourceSize": {"x":43,"y":52,"w":170,"h":242},
	"sourceSize": {"w":256,"h":320}
},
{
	"filename": "SpriteSheet0094",
	"frame": {"x":1420,"y":636,"w":181,"h":230},
	"rotated": false,
	"trimmed": true,
	"spriteSourceSize": {"x":38,"y":64,"w":181,"h":230},
	"sourceSize": {"w":256,"h":320}
},
{
	"filename": "SpriteSheet0095",
	"frame": {"x":1,"y":990,"w":195,"h":215},
	"rotated": false,
	"trimmed": true,
	"spriteSourceSize": {"x":31,"y":79,"w":195,"h":215},
	"sourceSize": {"w":256,"h":320}
},
{
	"filename": "SpriteSheet0096",
	"frame": {"x":981,"y":1497,"w":200,"h":227},
	"rotated": false,
	"trimmed": true,
	"spriteSourceSize": {"x":28,"y":69,"w":200,"h":227},
	"sourceSize": {"w":256,"h":320}
},
{
	"filename": "SpriteSheet0097",
	"frame": {"x":165,"y":1687,"w":205,"h":240},
	"rotated": false,
	"trimmed": true,
	"spriteSourceSize": {"x":26,"y":59,"w":205,"h":240},
	"sourceSize": {"w":256,"h":320}
},
{
	"filename": "SpriteSheet0098",
	"frame": {"x":551,"y":1,"w":158,"h":185},
	"rotated": false,
	"trimmed": true,
	"spriteSourceSize": {"x":49,"y":88,"w":158,"h":185},
	"sourceSize": {"w":256,"h":320}
},
{
	"filename": "SpriteSheet0099",
	"frame": {"x":121,"y":1,"w":120,"h":137},
	"rotated": false,
	"trimmed": true,
	"spriteSourceSize": {"x":68,"y":114,"w":120,"h":137},
	"sourceSize": {"w":256,"h":320}
},
{
	"filename": "SpriteSheet0100",
	"frame": {"x":383,"y":1,"w":167,"h":168},
	"rotated": false,
	"trimmed": true,
	"spriteSourceSize": {"x":44,"y":96,"w":167,"h":168},
	"sourceSize": {"w":256,"h":320}
},
{
	"filename": "SpriteSheet0101",
	"frame": {"x":710,"y":1,"w":197,"h":197},
	"rotated": false,
	"trimmed": true,
	"spriteSourceSize": {"x":29,"y":83,"w":197,"h":197},
	"sourceSize": {"w":256,"h":320}
},
{
	"filename": "SpriteSheet0102",
	"frame": {"x":1353,"y":1531,"w":227,"h":228},
	"rotated": false,
	"trimmed": true,
	"spriteSourceSize": {"x":14,"y":69,"w":227,"h":228},
	"sourceSize": {"w":256,"h":320}
},
{
	"filename": "SpriteSheet0103",
	"frame": {"x":1516,"y":1772,"w":256,"h":257},
	"rotated": false,
	"trimmed": true,
	"spriteSourceSize": {"x":0,"y":56,"w":256,"h":257},
	"sourceSize": {"w":256,"h":320}
},
{
	"filename": "SpriteSheet0104",
	"frame": {"x":242,"y":1,"w":140,"h":140},
	"rotated": false,
	"trimmed": true,
	"spriteSourceSize": {"x":58,"y":113,"w":140,"h":140},
	"sourceSize": {"w":256,"h":320}
},
{
	"filename": "SpriteSheet0105",
	"frame": {"x":5,"y":1,"w":115,"h":109},
	"rotated": false,
	"trimmed": true,
	"spriteSourceSize": {"x":70,"y":129,"w":115,"h":109},
	"sourceSize": {"w":256,"h":320}
},
{
	"filename": "SpriteSheet0106",
	"frame": {"x":1,"y":1,"w":3,"h":3},
	"rotated": false,
	"trimmed": true,
	"spriteSourceSize": {"x":0,"y":0,"w":3,"h":3},
	"sourceSize": {"w":256,"h":320}
}],
"meta": {
	"app": "http://www.codeandweb.com/texturepacker",
	"version": "1.0",
	"image": "alienB.png",
	"format": "RGBA8888",
	"size": {"w":2048,"h":2048},
	"scale": "1",
	"smartupdate": "$TexturePacker:SmartUpdate:f70d233a80a2b7243538d506c1084857:55fdf72dffda445c5ea32e1181612b7a:afbb0eea2fdc9c1ca4c6d6bcfe9ef331$"
}
}
