{"frames": [

{
	"filename": "SpriteSheet0001",
	"frame": {"x":1118,"y":229,"w":143,"h":226},
	"rotated": false,
	"trimmed": true,
	"spriteSourceSize": {"x":130,"y":129,"w":143,"h":226},
	"sourceSize": {"w":402,"h":492}
},
{
	"filename": "SpriteSheet0002",
	"frame": {"x":865,"y":929,"w":140,"h":227},
	"rotated": false,
	"trimmed": true,
	"spriteSourceSize": {"x":124,"y":130,"w":140,"h":227},
	"sourceSize": {"w":402,"h":492}
},
{
	"filename": "SpriteSheet0003",
	"frame": {"x":574,"y":505,"w":137,"h":228},
	"rotated": false,
	"trimmed": true,
	"spriteSourceSize": {"x":118,"y":131,"w":137,"h":228},
	"sourceSize": {"w":402,"h":492}
},
{
	"filename": "SpriteSheet0004",
	"frame": {"x":717,"y":962,"w":147,"h":227},
	"rotated": false,
	"trimmed": true,
	"spriteSourceSize": {"x":99,"y":132,"w":147,"h":227},
	"sourceSize": {"w":402,"h":492}
},
{
	"filename": "SpriteSheet0005",
	"frame": {"x":712,"y":473,"w":151,"h":227},
	"rotated": false,
	"trimmed": true,
	"spriteSourceSize": {"x":87,"y":132,"w":151,"h":227},
	"sourceSize": {"w":402,"h":492}
},
{
	"filename": "SpriteSheet0006",
	"frame": {"x":1009,"y":457,"w":148,"h":226},
	"rotated": false,
	"trimmed": true,
	"spriteSourceSize": {"x":83,"y":133,"w":148,"h":226},
	"sourceSize": {"w":402,"h":492}
},
{
	"filename": "SpriteSheet0007",
	"frame": {"x":821,"y":229,"w":151,"h":227},
	"rotated": false,
	"trimmed": true,
	"spriteSourceSize": {"x":87,"y":132,"w":151,"h":227},
	"sourceSize": {"w":402,"h":492}
},
{
	"filename": "SpriteSheet0008",
	"frame": {"x":834,"y":701,"w":147,"h":227},
	"rotated": false,
	"trimmed": true,
	"spriteSourceSize": {"x":99,"y":132,"w":147,"h":227},
	"sourceSize": {"w":402,"h":492}
},
{
	"filename": "SpriteSheet0009",
	"frame": {"x":683,"y":244,"w":137,"h":228},
	"rotated": false,
	"trimmed": true,
	"spriteSourceSize": {"x":118,"y":131,"w":137,"h":228},
	"sourceSize": {"w":402,"h":492}
},
{
	"filename": "SpriteSheet0010",
	"frame": {"x":982,"y":685,"w":140,"h":227},
	"rotated": false,
	"trimmed": true,
	"spriteSourceSize": {"x":124,"y":130,"w":140,"h":227},
	"sourceSize": {"w":402,"h":492}
},
{
	"filename": "SpriteSheet0011",
	"frame": {"x":1118,"y":229,"w":143,"h":226},
	"rotated": false,
	"trimmed": true,
	"spriteSourceSize": {"x":130,"y":129,"w":143,"h":226},
	"sourceSize": {"w":402,"h":492}
},
{
	"filename": "SpriteSheet0012",
	"frame": {"x":499,"y":1,"w":138,"h":256},
	"rotated": false,
	"trimmed": true,
	"spriteSourceSize": {"x":132,"y":100,"w":138,"h":256},
	"sourceSize": {"w":402,"h":492}
},
{
	"filename": "SpriteSheet0013",
	"frame": {"x":1,"y":1291,"w":133,"h":279},
	"rotated": false,
	"trimmed": true,
	"spriteSourceSize": {"x":135,"y":77,"w":133,"h":279},
	"sourceSize": {"w":402,"h":492}
},
{
	"filename": "SpriteSheet0014",
	"frame": {"x":156,"y":316,"w":127,"h":295},
	"rotated": false,
	"trimmed": true,
	"spriteSourceSize": {"x":138,"y":61,"w":127,"h":295},
	"sourceSize": {"w":402,"h":492}
},
{
	"filename": "SpriteSheet0015",
	"frame": {"x":1,"y":984,"w":121,"h":306},
	"rotated": false,
	"trimmed": true,
	"spriteSourceSize": {"x":141,"y":51,"w":121,"h":306},
	"sourceSize": {"w":402,"h":492}
},
{
	"filename": "SpriteSheet0016",
	"frame": {"x":40,"y":316,"w":115,"h":309},
	"rotated": false,
	"trimmed": true,
	"spriteSourceSize": {"x":144,"y":48,"w":115,"h":309},
	"sourceSize": {"w":402,"h":492}
},
{
	"filename": "SpriteSheet0017",
	"frame": {"x":61,"y":626,"w":121,"h":306},
	"rotated": false,
	"trimmed": true,
	"spriteSourceSize": {"x":141,"y":51,"w":121,"h":306},
	"sourceSize": {"w":402,"h":492}
},
{
	"filename": "SpriteSheet0018",
	"frame": {"x":233,"y":1,"w":127,"h":295},
	"rotated": false,
	"trimmed": true,
	"spriteSourceSize": {"x":138,"y":61,"w":127,"h":295},
	"sourceSize": {"w":402,"h":492}
},
{
	"filename": "SpriteSheet0019",
	"frame": {"x":123,"y":933,"w":132,"h":279},
	"rotated": false,
	"trimmed": true,
	"spriteSourceSize": {"x":135,"y":77,"w":132,"h":279},
	"sourceSize": {"w":402,"h":492}
},
{
	"filename": "SpriteSheet0020",
	"frame": {"x":139,"y":1475,"w":138,"h":256},
	"rotated": false,
	"trimmed": true,
	"spriteSourceSize": {"x":132,"y":100,"w":138,"h":256},
	"sourceSize": {"w":402,"h":492}
},
{
	"filename": "SpriteSheet0021",
	"frame": {"x":1118,"y":229,"w":143,"h":226},
	"rotated": false,
	"trimmed": true,
	"spriteSourceSize": {"x":130,"y":129,"w":143,"h":226},
	"sourceSize": {"w":402,"h":492}
},
{
	"filename": "SpriteSheet0022",
	"frame": {"x":864,"y":1627,"w":133,"h":205},
	"rotated": false,
	"trimmed": true,
	"spriteSourceSize": {"x":135,"y":163,"w":133,"h":205},
	"sourceSize": {"w":402,"h":492}
},
{
	"filename": "SpriteSheet0023",
	"frame": {"x":998,"y":1770,"w":125,"h":198},
	"rotated": false,
	"trimmed": true,
	"spriteSourceSize": {"x":139,"y":181,"w":125,"h":198},
	"sourceSize": {"w":402,"h":492}
},
{
	"filename": "SpriteSheet0024",
	"frame": {"x":884,"y":1157,"w":120,"h":204},
	"rotated": false,
	"trimmed": true,
	"spriteSourceSize": {"x":141,"y":182,"w":120,"h":204},
	"sourceSize": {"w":402,"h":492}
},
{
	"filename": "SpriteSheet0025",
	"frame": {"x":746,"y":1721,"w":117,"h":208},
	"rotated": false,
	"trimmed": true,
	"spriteSourceSize": {"x":143,"y":182,"w":117,"h":208},
	"sourceSize": {"w":402,"h":492}
},
{
	"filename": "SpriteSheet0026",
	"frame": {"x":1166,"y":1,"w":115,"h":210},
	"rotated": false,
	"trimmed": true,
	"spriteSourceSize": {"x":144,"y":182,"w":115,"h":210},
	"sourceSize": {"w":402,"h":492}
},
{
	"filename": "SpriteSheet0027",
	"frame": {"x":766,"y":1418,"w":117,"h":208},
	"rotated": false,
	"trimmed": true,
	"spriteSourceSize": {"x":143,"y":182,"w":117,"h":208},
	"sourceSize": {"w":402,"h":492}
},
{
	"filename": "SpriteSheet0028",
	"frame": {"x":884,"y":1362,"w":120,"h":204},
	"rotated": false,
	"trimmed": true,
	"spriteSourceSize": {"x":141,"y":182,"w":120,"h":204},
	"sourceSize": {"w":402,"h":492}
},
{
	"filename": "SpriteSheet0029",
	"frame": {"x":1124,"y":1770,"w":125,"h":198},
	"rotated": false,
	"trimmed": true,
	"spriteSourceSize": {"x":139,"y":181,"w":125,"h":198},
	"sourceSize": {"w":402,"h":492}
},
{
	"filename": "SpriteSheet0030",
	"frame": {"x":864,"y":1833,"w":133,"h":205},
	"rotated": false,
	"trimmed": true,
	"spriteSourceSize": {"x":135,"y":163,"w":133,"h":205},
	"sourceSize": {"w":402,"h":492}
},
{
	"filename": "SpriteSheet0031",
	"frame": {"x":1118,"y":229,"w":143,"h":226},
	"rotated": false,
	"trimmed": true,
	"spriteSourceSize": {"x":130,"y":129,"w":143,"h":226},
	"sourceSize": {"w":402,"h":492}
},
{
	"filename": "SpriteSheet0032",
	"frame": {"x":740,"y":1190,"w":143,"h":227},
	"rotated": false,
	"trimmed": true,
	"spriteSourceSize": {"x":131,"y":129,"w":143,"h":227},
	"sourceSize": {"w":402,"h":492}
},
{
	"filename": "SpriteSheet0033",
	"frame": {"x":864,"y":457,"w":144,"h":227},
	"rotated": false,
	"trimmed": true,
	"spriteSourceSize": {"x":132,"y":129,"w":144,"h":227},
	"sourceSize": {"w":402,"h":492}
},
{
	"filename": "SpriteSheet0034",
	"frame": {"x":973,"y":229,"w":144,"h":227},
	"rotated": false,
	"trimmed": true,
	"spriteSourceSize": {"x":133,"y":129,"w":144,"h":227},
	"sourceSize": {"w":402,"h":492}
},
{
	"filename": "SpriteSheet0035",
	"frame": {"x":1021,"y":1,"w":144,"h":227},
	"rotated": false,
	"trimmed": true,
	"spriteSourceSize": {"x":134,"y":129,"w":144,"h":227},
	"sourceSize": {"w":402,"h":492}
},
{
	"filename": "SpriteSheet0036",
	"frame": {"x":621,"y":1493,"w":144,"h":227},
	"rotated": false,
	"trimmed": true,
	"spriteSourceSize": {"x":135,"y":129,"w":144,"h":227},
	"sourceSize": {"w":402,"h":492}
},
{
	"filename": "SpriteSheet0037",
	"frame": {"x":589,"y":1265,"w":150,"h":227},
	"rotated": false,
	"trimmed": true,
	"spriteSourceSize": {"x":136,"y":129,"w":150,"h":227},
	"sourceSize": {"w":402,"h":492}
},
{
	"filename": "SpriteSheet0038",
	"frame": {"x":677,"y":734,"w":156,"h":227},
	"rotated": false,
	"trimmed": true,
	"spriteSourceSize": {"x":136,"y":129,"w":156,"h":227},
	"sourceSize": {"w":402,"h":492}
},
{
	"filename": "SpriteSheet0039",
	"frame": {"x":555,"y":1037,"w":161,"h":227},
	"rotated": false,
	"trimmed": true,
	"spriteSourceSize": {"x":137,"y":129,"w":161,"h":227},
	"sourceSize": {"w":402,"h":492}
},
{
	"filename": "SpriteSheet0040",
	"frame": {"x":580,"y":1816,"w":165,"h":227},
	"rotated": false,
	"trimmed": true,
	"spriteSourceSize": {"x":137,"y":129,"w":165,"h":227},
	"sourceSize": {"w":402,"h":492}
},
{
	"filename": "SpriteSheet0041",
	"frame": {"x":454,"y":1588,"w":166,"h":227},
	"rotated": false,
	"trimmed": true,
	"spriteSourceSize": {"x":138,"y":129,"w":166,"h":227},
	"sourceSize": {"w":402,"h":492}
},
{
	"filename": "SpriteSheet0042",
	"frame": {"x":420,"y":1360,"w":168,"h":227},
	"rotated": false,
	"trimmed": true,
	"spriteSourceSize": {"x":138,"y":129,"w":168,"h":227},
	"sourceSize": {"w":402,"h":492}
},
{
	"filename": "SpriteSheet0043",
	"frame": {"x":284,"y":1645,"w":169,"h":227},
	"rotated": false,
	"trimmed": true,
	"spriteSourceSize": {"x":138,"y":129,"w":169,"h":227},
	"sourceSize": {"w":402,"h":492}
},
{
	"filename": "SpriteSheet0044",
	"frame": {"x":1118,"y":229,"w":143,"h":226},
	"rotated": false,
	"trimmed": true,
	"spriteSourceSize": {"x":130,"y":129,"w":143,"h":226},
	"sourceSize": {"w":402,"h":492}
},
{
	"filename": "SpriteSheet0045",
	"frame": {"x":1,"y":1833,"w":144,"h":214},
	"rotated": false,
	"trimmed": true,
	"spriteSourceSize": {"x":129,"y":142,"w":144,"h":214},
	"sourceSize": {"w":402,"h":492}
},
{
	"filename": "SpriteSheet0046",
	"frame": {"x":998,"y":1567,"w":145,"h":202},
	"rotated": false,
	"trimmed": true,
	"spriteSourceSize": {"x":129,"y":154,"w":145,"h":202},
	"sourceSize": {"w":402,"h":492}
},
{
	"filename": "SpriteSheet0047",
	"frame": {"x":1005,"y":1355,"w":145,"h":191},
	"rotated": false,
	"trimmed": true,
	"spriteSourceSize": {"x":129,"y":165,"w":145,"h":191},
	"sourceSize": {"w":402,"h":492}
},
{
	"filename": "SpriteSheet0048",
	"frame": {"x":1144,"y":1547,"w":146,"h":182},
	"rotated": false,
	"trimmed": true,
	"spriteSourceSize": {"x":128,"y":174,"w":146,"h":182},
	"sourceSize": {"w":402,"h":492}
},
{
	"filename": "SpriteSheet0049",
	"frame": {"x":284,"y":1873,"w":147,"h":173},
	"rotated": false,
	"trimmed": true,
	"spriteSourceSize": {"x":128,"y":183,"w":147,"h":173},
	"sourceSize": {"w":402,"h":492}
},
{
	"filename": "SpriteSheet0050",
	"frame": {"x":432,"y":1873,"w":147,"h":171},
	"rotated": false,
	"trimmed": true,
	"spriteSourceSize": {"x":128,"y":185,"w":147,"h":171},
	"sourceSize": {"w":402,"h":492}
},
{
	"filename": "SpriteSheet0051",
	"frame": {"x":1123,"y":684,"w":147,"h":170},
	"rotated": false,
	"trimmed": true,
	"spriteSourceSize": {"x":128,"y":186,"w":147,"h":170},
	"sourceSize": {"w":402,"h":492}
},
{
	"filename": "SpriteSheet0052",
	"frame": {"x":1006,"y":913,"w":149,"h":170},
	"rotated": false,
	"trimmed": true,
	"spriteSourceSize": {"x":127,"y":187,"w":149,"h":170},
	"sourceSize": {"w":402,"h":492}
},
{
	"filename": "SpriteSheet0053",
	"frame": {"x":1158,"y":456,"w":149,"h":169},
	"rotated": false,
	"trimmed": true,
	"spriteSourceSize": {"x":127,"y":188,"w":149,"h":169},
	"sourceSize": {"w":402,"h":492}
},
{
	"filename": "SpriteSheet0054",
	"frame": {"x":1282,"y":1,"w":149,"h":168},
	"rotated": false,
	"trimmed": true,
	"spriteSourceSize": {"x":127,"y":189,"w":149,"h":168},
	"sourceSize": {"w":402,"h":492}
},
{
	"filename": "SpriteSheet0055",
	"frame": {"x":1156,"y":855,"w":150,"h":167},
	"rotated": false,
	"trimmed": true,
	"spriteSourceSize": {"x":126,"y":190,"w":150,"h":167},
	"sourceSize": {"w":402,"h":492}
},
{
	"filename": "SpriteSheet0056",
	"frame": {"x":1271,"y":626,"w":151,"h":166},
	"rotated": false,
	"trimmed": true,
	"spriteSourceSize": {"x":126,"y":191,"w":151,"h":166},
	"sourceSize": {"w":402,"h":492}
},
{
	"filename": "SpriteSheet0057",
	"frame": {"x":1118,"y":229,"w":143,"h":226},
	"rotated": false,
	"trimmed": true,
	"spriteSourceSize": {"x":130,"y":129,"w":143,"h":226},
	"sourceSize": {"w":402,"h":492}
},
{
	"filename": "SpriteSheet0058",
	"frame": {"x":534,"y":804,"w":142,"h":232},
	"rotated": false,
	"trimmed": true,
	"spriteSourceSize": {"x":130,"y":123,"w":142,"h":232},
	"sourceSize": {"w":402,"h":492}
},
{
	"filename": "SpriteSheet0059",
	"frame": {"x":413,"y":1122,"w":141,"h":237},
	"rotated": false,
	"trimmed": true,
	"spriteSourceSize": {"x":131,"y":118,"w":141,"h":237},
	"sourceSize": {"w":402,"h":492}
},
{
	"filename": "SpriteSheet0060",
	"frame": {"x":278,"y":1402,"w":141,"h":242},
	"rotated": false,
	"trimmed": true,
	"spriteSourceSize": {"x":131,"y":113,"w":141,"h":242},
	"sourceSize": {"w":402,"h":492}
},
{
	"filename": "SpriteSheet0061",
	"frame": {"x":543,"y":258,"w":139,"h":246},
	"rotated": false,
	"trimmed": true,
	"spriteSourceSize": {"x":132,"y":109,"w":139,"h":246},
	"sourceSize": {"w":402,"h":492}
},
{
	"filename": "SpriteSheet0062",
	"frame": {"x":394,"y":872,"w":139,"h":249},
	"rotated": false,
	"trimmed": true,
	"spriteSourceSize": {"x":132,"y":105,"w":139,"h":249},
	"sourceSize": {"w":402,"h":492}
},
{
	"filename": "SpriteSheet0063",
	"frame": {"x":273,"y":1149,"w":139,"h":252},
	"rotated": false,
	"trimmed": true,
	"spriteSourceSize": {"x":132,"y":102,"w":139,"h":252},
	"sourceSize": {"w":402,"h":492}
},
{
	"filename": "SpriteSheet0064",
	"frame": {"x":146,"y":1732,"w":137,"h":255},
	"rotated": false,
	"trimmed": true,
	"spriteSourceSize": {"x":133,"y":99,"w":137,"h":255},
	"sourceSize": {"w":402,"h":492}
},
{
	"filename": "SpriteSheet0065",
	"frame": {"x":361,"y":1,"w":137,"h":257},
	"rotated": false,
	"trimmed": true,
	"spriteSourceSize": {"x":133,"y":97,"w":137,"h":257},
	"sourceSize": {"w":402,"h":492}
},
{
	"filename": "SpriteSheet0066",
	"frame": {"x":278,"y":612,"w":137,"h":259},
	"rotated": false,
	"trimmed": true,
	"spriteSourceSize": {"x":133,"y":95,"w":137,"h":259},
	"sourceSize": {"w":402,"h":492}
},
{
	"filename": "SpriteSheet0067",
	"frame": {"x":256,"y":888,"w":137,"h":260},
	"rotated": false,
	"trimmed": true,
	"spriteSourceSize": {"x":133,"y":94,"w":137,"h":260},
	"sourceSize": {"w":402,"h":492}
},
{
	"filename": "SpriteSheet0068",
	"frame": {"x":1,"y":1571,"w":137,"h":261},
	"rotated": false,
	"trimmed": true,
	"spriteSourceSize": {"x":133,"y":93,"w":137,"h":261},
	"sourceSize": {"w":402,"h":492}
},
{
	"filename": "SpriteSheet0069",
	"frame": {"x":135,"y":1213,"w":137,"h":261},
	"rotated": false,
	"trimmed": true,
	"spriteSourceSize": {"x":133,"y":93,"w":137,"h":261},
	"sourceSize": {"w":402,"h":492}
},
{
	"filename": "SpriteSheet0070",
	"frame": {"x":1118,"y":229,"w":143,"h":226},
	"rotated": false,
	"trimmed": true,
	"spriteSourceSize": {"x":130,"y":129,"w":143,"h":226},
	"sourceSize": {"w":402,"h":492}
},
{
	"filename": "SpriteSheet0071",
	"frame": {"x":183,"y":612,"w":94,"h":275},
	"rotated": false,
	"trimmed": true,
	"spriteSourceSize": {"x":154,"y":79,"w":94,"h":275},
	"sourceSize": {"w":402,"h":492}
},
{
	"filename": "SpriteSheet0072",
	"frame": {"x":1,"y":673,"w":59,"h":310},
	"rotated": false,
	"trimmed": true,
	"spriteSourceSize": {"x":172,"y":43,"w":59,"h":310},
	"sourceSize": {"w":402,"h":492}
},
{
	"filename": "SpriteSheet0073",
	"frame": {"x":1,"y":340,"w":38,"h":332},
	"rotated": false,
	"trimmed": true,
	"spriteSourceSize": {"x":182,"y":21,"w":38,"h":332},
	"sourceSize": {"w":402,"h":492}
},
{
	"filename": "SpriteSheet0074",
	"frame": {"x":1,"y":1,"w":31,"h":338},
	"rotated": false,
	"trimmed": true,
	"spriteSourceSize": {"x":186,"y":14,"w":31,"h":338},
	"sourceSize": {"w":402,"h":492}
},
{
	"filename": "SpriteSheet0075",
	"frame": {"x":33,"y":316,"w":3,"h":3},
	"rotated": false,
	"trimmed": true,
	"spriteSourceSize": {"x":0,"y":0,"w":3,"h":3},
	"sourceSize": {"w":402,"h":492}
},
{
	"filename": "SpriteSheet0076",
	"frame": {"x":1118,"y":229,"w":143,"h":226},
	"rotated": false,
	"trimmed": true,
	"spriteSourceSize": {"x":130,"y":129,"w":143,"h":226},
	"sourceSize": {"w":402,"h":492}
},
{
	"filename": "SpriteSheet0077",
	"frame": {"x":416,"y":555,"w":157,"h":248},
	"rotated": false,
	"trimmed": true,
	"spriteSourceSize": {"x":123,"y":118,"w":157,"h":248},
	"sourceSize": {"w":402,"h":492}
},
{
	"filename": "SpriteSheet0078",
	"frame": {"x":33,"y":1,"w":199,"h":314},
	"rotated": false,
	"trimmed": true,
	"spriteSourceSize": {"x":102,"y":85,"w":199,"h":314},
	"sourceSize": {"w":402,"h":492}
},
{
	"filename": "SpriteSheet0079",
	"frame": {"x":638,"y":1,"w":153,"h":242},
	"rotated": false,
	"trimmed": true,
	"spriteSourceSize": {"x":125,"y":121,"w":153,"h":242},
	"sourceSize": {"w":402,"h":492}
},
{
	"filename": "SpriteSheet0080",
	"frame": {"x":1151,"y":1355,"w":119,"h":179},
	"rotated": false,
	"trimmed": true,
	"spriteSourceSize": {"x":142,"y":153,"w":119,"h":179},
	"sourceSize": {"w":402,"h":492}
},
{
	"filename": "SpriteSheet0081",
	"frame": {"x":1262,"y":212,"w":168,"h":168},
	"rotated": false,
	"trimmed": true,
	"spriteSourceSize": {"x":117,"y":180,"w":168,"h":168},
	"sourceSize": {"w":402,"h":492}
},
{
	"filename": "SpriteSheet0082",
	"frame": {"x":1005,"y":1157,"w":198,"h":197},
	"rotated": false,
	"trimmed": true,
	"spriteSourceSize": {"x":102,"y":165,"w":198,"h":197},
	"sourceSize": {"w":402,"h":492}
},
{
	"filename": "SpriteSheet0083",
	"frame": {"x":792,"y":1,"w":228,"h":227},
	"rotated": false,
	"trimmed": true,
	"spriteSourceSize": {"x":87,"y":149,"w":228,"h":227},
	"sourceSize": {"w":402,"h":492}
},
{
	"filename": "SpriteSheet0084",
	"frame": {"x":284,"y":297,"w":258,"h":257},
	"rotated": false,
	"trimmed": true,
	"spriteSourceSize": {"x":72,"y":134,"w":258,"h":257},
	"sourceSize": {"w":402,"h":492}
},
{
	"filename": "SpriteSheet0085",
	"frame": {"x":1308,"y":381,"w":140,"h":140},
	"rotated": false,
	"trimmed": true,
	"spriteSourceSize": {"x":132,"y":185,"w":140,"h":140},
	"sourceSize": {"w":402,"h":492}
},
{
	"filename": "SpriteSheet0086",
	"frame": {"x":746,"y":1930,"w":115,"h":109},
	"rotated": false,
	"trimmed": true,
	"spriteSourceSize": {"x":144,"y":196,"w":115,"h":109},
	"sourceSize": {"w":402,"h":492}
},
{
	"filename": "SpriteSheet0087",
	"frame": {"x":33,"y":316,"w":3,"h":3},
	"rotated": false,
	"trimmed": true,
	"spriteSourceSize": {"x":0,"y":0,"w":3,"h":3},
	"sourceSize": {"w":402,"h":492}
}],
"meta": {
	"app": "http://www.codeandweb.com/texturepacker",
	"version": "1.0",
	"image": "brainy.png",
	"format": "RGBA8888",
	"size": {"w":2048,"h":2048},
	"scale": "1",
	"smartupdate": "$TexturePacker:SmartUpdate:915b0aa538eea5201d60f9bae82a603b:afdd31ede74741b49e476360c3e67b4d:7b3e2d4e761c31dfbbb4068015f3bf9e$"
}
}
