{"frames": [

{
	"filename": "SpriteSheet0001",
	"frame": {"x":1334,"y":1210,"w":258,"h":262},
	"rotated": false,
	"trimmed": true,
	"spriteSourceSize": {"x":112,"y":152,"w":258,"h":262},
	"sourceSize": {"w":480,"h":560}
},
{
	"filename": "SpriteSheet0002",
	"frame": {"x":540,"y":1739,"w":257,"h":260},
	"rotated": false,
	"trimmed": true,
	"spriteSourceSize": {"x":91,"y":150,"w":257,"h":260},
	"sourceSize": {"w":480,"h":560}
},
{
	"filename": "SpriteSheet0003",
	"frame": {"x":574,"y":1233,"w":276,"h":255},
	"rotated": false,
	"trimmed": true,
	"spriteSourceSize": {"x":73,"y":149,"w":276,"h":255},
	"sourceSize": {"w":480,"h":560}
},
{
	"filename": "SpriteSheet0004",
	"frame": {"x":1629,"y":1202,"w":290,"h":249},
	"rotated": false,
	"trimmed": true,
	"spriteSourceSize": {"x":60,"y":149,"w":290,"h":249},
	"sourceSize": {"w":480,"h":560}
},
{
	"filename": "SpriteSheet0005",
	"frame": {"x":711,"y":477,"w":299,"h":244},
	"rotated": false,
	"trimmed": true,
	"spriteSourceSize": {"x":51,"y":149,"w":299,"h":244},
	"sourceSize": {"w":480,"h":560}
},
{
	"filename": "SpriteSheet0006",
	"frame": {"x":333,"y":500,"w":303,"h":243},
	"rotated": false,
	"trimmed": true,
	"spriteSourceSize": {"x":48,"y":149,"w":303,"h":243},
	"sourceSize": {"w":480,"h":560}
},
{
	"filename": "SpriteSheet0007",
	"frame": {"x":301,"y":744,"w":298,"h":244},
	"rotated": false,
	"trimmed": true,
	"spriteSourceSize": {"x":52,"y":149,"w":298,"h":244},
	"sourceSize": {"w":480,"h":560}
},
{
	"filename": "SpriteSheet0008",
	"frame": {"x":1,"y":989,"w":290,"h":249},
	"rotated": false,
	"trimmed": true,
	"spriteSourceSize": {"x":60,"y":149,"w":290,"h":249},
	"sourceSize": {"w":480,"h":560}
},
{
	"filename": "SpriteSheet0009",
	"frame": {"x":868,"y":1021,"w":276,"h":256},
	"rotated": false,
	"trimmed": true,
	"spriteSourceSize": {"x":73,"y":149,"w":276,"h":256},
	"sourceSize": {"w":480,"h":560}
},
{
	"filename": "SpriteSheet0010",
	"frame": {"x":263,"y":1972,"w":257,"h":260},
	"rotated": false,
	"trimmed": true,
	"spriteSourceSize": {"x":91,"y":150,"w":257,"h":260},
	"sourceSize": {"w":480,"h":560}
},
{
	"filename": "SpriteSheet0011",
	"frame": {"x":1334,"y":1210,"w":258,"h":262},
	"rotated": false,
	"trimmed": true,
	"spriteSourceSize": {"x":112,"y":152,"w":258,"h":262},
	"sourceSize": {"w":480,"h":560}
},
{
	"filename": "SpriteSheet0012",
	"frame": {"x":718,"y":1,"w":331,"h":242},
	"rotated": false,
	"trimmed": true,
	"spriteSourceSize": {"x":76,"y":136,"w":331,"h":242},
	"sourceSize": {"w":480,"h":560}
},
{
	"filename": "SpriteSheet0013",
	"frame": {"x":1,"y":1,"w":359,"h":254},
	"rotated": false,
	"trimmed": true,
	"spriteSourceSize": {"x":62,"y":123,"w":359,"h":254},
	"sourceSize": {"w":480,"h":560}
},
{
	"filename": "SpriteSheet0014",
	"frame": {"x":1,"y":256,"w":331,"h":264},
	"rotated": false,
	"trimmed": true,
	"spriteSourceSize": {"x":76,"y":114,"w":331,"h":264},
	"sourceSize": {"w":480,"h":560}
},
{
	"filename": "SpriteSheet0015",
	"frame": {"x":637,"y":722,"w":298,"h":269},
	"rotated": false,
	"trimmed": true,
	"spriteSourceSize": {"x":92,"y":109,"w":298,"h":269},
	"sourceSize": {"w":480,"h":560}
},
{
	"filename": "SpriteSheet0016",
	"frame": {"x":1,"y":1775,"w":261,"h":303},
	"rotated": false,
	"trimmed": true,
	"spriteSourceSize": {"x":111,"y":75,"w":261,"h":303},
	"sourceSize": {"w":480,"h":560}
},
{
	"filename": "SpriteSheet0017",
	"frame": {"x":1,"y":1483,"w":273,"h":291},
	"rotated": false,
	"trimmed": true,
	"spriteSourceSize": {"x":105,"y":87,"w":273,"h":291},
	"sourceSize": {"w":480,"h":560}
},
{
	"filename": "SpriteSheet0018",
	"frame": {"x":1341,"y":707,"w":308,"h":264},
	"rotated": false,
	"trimmed": true,
	"spriteSourceSize": {"x":87,"y":114,"w":308,"h":264},
	"sourceSize": {"w":480,"h":560}
},
{
	"filename": "SpriteSheet0019",
	"frame": {"x":361,"y":1,"w":356,"h":255},
	"rotated": false,
	"trimmed": true,
	"spriteSourceSize": {"x":63,"y":123,"w":356,"h":255},
	"sourceSize": {"w":480,"h":560}
},
{
	"filename": "SpriteSheet0020",
	"frame": {"x":337,"y":257,"w":306,"h":242},
	"rotated": false,
	"trimmed": true,
	"spriteSourceSize": {"x":88,"y":136,"w":306,"h":242},
	"sourceSize": {"w":480,"h":560}
},
{
	"filename": "SpriteSheet0021",
	"frame": {"x":1334,"y":1210,"w":258,"h":262},
	"rotated": false,
	"trimmed": true,
	"spriteSourceSize": {"x":112,"y":152,"w":258,"h":262},
	"sourceSize": {"w":480,"h":560}
},
{
	"filename": "SpriteSheet0022",
	"frame": {"x":227,"y":2530,"w":219,"h":292},
	"rotated": false,
	"trimmed": true,
	"spriteSourceSize": {"x":131,"y":146,"w":219,"h":292},
	"sourceSize": {"w":480,"h":560}
},
{
	"filename": "SpriteSheet0023",
	"frame": {"x":1145,"y":1153,"w":188,"h":316},
	"rotated": false,
	"trimmed": true,
	"spriteSourceSize": {"x":147,"y":141,"w":188,"h":316},
	"sourceSize": {"w":480,"h":560}
},
{
	"filename": "SpriteSheet0024",
	"frame": {"x":1250,"y":2006,"w":180,"h":332},
	"rotated": false,
	"trimmed": true,
	"spriteSourceSize": {"x":151,"y":138,"w":180,"h":332},
	"sourceSize": {"w":480,"h":560}
},
{
	"filename": "SpriteSheet0025",
	"frame": {"x":1431,"y":2267,"w":176,"h":341},
	"rotated": false,
	"trimmed": true,
	"spriteSourceSize": {"x":153,"y":136,"w":176,"h":341},
	"sourceSize": {"w":480,"h":560}
},
{
	"filename": "SpriteSheet0026",
	"frame": {"x":1608,"y":2267,"w":174,"h":345},
	"rotated": false,
	"trimmed": true,
	"spriteSourceSize": {"x":154,"y":135,"w":174,"h":345},
	"sourceSize": {"w":480,"h":560}
},
{
	"filename": "SpriteSheet0027",
	"frame": {"x":1431,"y":2267,"w":176,"h":341},
	"rotated": false,
	"trimmed": true,
	"spriteSourceSize": {"x":153,"y":136,"w":176,"h":341},
	"sourceSize": {"w":480,"h":560}
},
{
	"filename": "SpriteSheet0028",
	"frame": {"x":972,"y":2240,"w":180,"h":332},
	"rotated": false,
	"trimmed": true,
	"spriteSourceSize": {"x":151,"y":138,"w":180,"h":332},
	"sourceSize": {"w":480,"h":560}
},
{
	"filename": "SpriteSheet0029",
	"frame": {"x":1842,"y":1452,"w":188,"h":316},
	"rotated": false,
	"trimmed": true,
	"spriteSourceSize": {"x":147,"y":141,"w":188,"h":316},
	"sourceSize": {"w":480,"h":560}
},
{
	"filename": "SpriteSheet0030",
	"frame": {"x":1,"y":2629,"w":219,"h":292},
	"rotated": false,
	"trimmed": true,
	"spriteSourceSize": {"x":131,"y":146,"w":219,"h":292},
	"sourceSize": {"w":480,"h":560}
},
{
	"filename": "SpriteSheet0031",
	"frame": {"x":1334,"y":1210,"w":258,"h":262},
	"rotated": false,
	"trimmed": true,
	"spriteSourceSize": {"x":112,"y":152,"w":258,"h":262},
	"sourceSize": {"w":480,"h":560}
},
{
	"filename": "SpriteSheet0032",
	"frame": {"x":1323,"y":1473,"w":248,"h":257},
	"rotated": false,
	"trimmed": true,
	"spriteSourceSize": {"x":135,"y":152,"w":248,"h":257},
	"sourceSize": {"w":480,"h":560}
},
{
	"filename": "SpriteSheet0033",
	"frame": {"x":1,"y":2079,"w":257,"h":254},
	"rotated": false,
	"trimmed": true,
	"spriteSourceSize": {"x":137,"y":152,"w":257,"h":254},
	"sourceSize": {"w":480,"h":560}
},
{
	"filename": "SpriteSheet0034",
	"frame": {"x":275,"y":1720,"w":264,"h":251},
	"rotated": false,
	"trimmed": true,
	"spriteSourceSize": {"x":139,"y":152,"w":264,"h":251},
	"sourceSize": {"w":480,"h":560}
},
{
	"filename": "SpriteSheet0035",
	"frame": {"x":557,"y":1489,"w":271,"h":249},
	"rotated": false,
	"trimmed": true,
	"spriteSourceSize": {"x":140,"y":152,"w":271,"h":249},
	"sourceSize": {"w":480,"h":560}
},
{
	"filename": "SpriteSheet0036",
	"frame": {"x":280,"y":1473,"w":276,"h":246},
	"rotated": false,
	"trimmed": true,
	"spriteSourceSize": {"x":141,"y":152,"w":276,"h":246},
	"sourceSize": {"w":480,"h":560}
},
{
	"filename": "SpriteSheet0037",
	"frame": {"x":292,"y":1229,"w":281,"h":243},
	"rotated": false,
	"trimmed": true,
	"spriteSourceSize": {"x":142,"y":152,"w":281,"h":243},
	"sourceSize": {"w":480,"h":560}
},
{
	"filename": "SpriteSheet0038",
	"frame": {"x":582,"y":992,"w":285,"h":240},
	"rotated": false,
	"trimmed": true,
	"spriteSourceSize": {"x":144,"y":152,"w":285,"h":240},
	"sourceSize": {"w":480,"h":560}
},
{
	"filename": "SpriteSheet0039",
	"frame": {"x":292,"y":989,"w":289,"h":239},
	"rotated": false,
	"trimmed": true,
	"spriteSourceSize": {"x":144,"y":151,"w":289,"h":239},
	"sourceSize": {"w":480,"h":560}
},
{
	"filename": "SpriteSheet0040",
	"frame": {"x":1336,"y":972,"w":292,"h":237},
	"rotated": false,
	"trimmed": true,
	"spriteSourceSize": {"x":145,"y":152,"w":292,"h":237},
	"sourceSize": {"w":480,"h":560}
},
{
	"filename": "SpriteSheet0041",
	"frame": {"x":1650,"y":965,"w":294,"h":236},
	"rotated": false,
	"trimmed": true,
	"spriteSourceSize": {"x":146,"y":151,"w":294,"h":236},
	"sourceSize": {"w":480,"h":560}
},
{
	"filename": "SpriteSheet0042",
	"frame": {"x":1650,"y":730,"w":295,"h":234},
	"rotated": false,
	"trimmed": true,
	"spriteSourceSize": {"x":146,"y":152,"w":295,"h":234},
	"sourceSize": {"w":480,"h":560}
},
{
	"filename": "SpriteSheet0043",
	"frame": {"x":1,"y":753,"w":296,"h":235},
	"rotated": false,
	"trimmed": true,
	"spriteSourceSize": {"x":146,"y":151,"w":296,"h":235},
	"sourceSize": {"w":480,"h":560}
},
{
	"filename": "SpriteSheet0044",
	"frame": {"x":1334,"y":1210,"w":258,"h":262},
	"rotated": false,
	"trimmed": true,
	"spriteSourceSize": {"x":112,"y":152,"w":258,"h":262},
	"sourceSize": {"w":480,"h":560}
},
{
	"filename": "SpriteSheet0045",
	"frame": {"x":1593,"y":1452,"w":248,"h":268},
	"rotated": false,
	"trimmed": true,
	"spriteSourceSize": {"x":117,"y":154,"w":248,"h":268},
	"sourceSize": {"w":480,"h":560}
},
{
	"filename": "SpriteSheet0046",
	"frame": {"x":1319,"y":1731,"w":238,"h":274},
	"rotated": false,
	"trimmed": true,
	"spriteSourceSize": {"x":122,"y":156,"w":238,"h":274},
	"sourceSize": {"w":480,"h":560}
},
{
	"filename": "SpriteSheet0047",
	"frame": {"x":1088,"y":1668,"w":230,"h":279},
	"rotated": false,
	"trimmed": true,
	"spriteSourceSize": {"x":126,"y":157,"w":230,"h":279},
	"sourceSize": {"w":480,"h":560}
},
{
	"filename": "SpriteSheet0048",
	"frame": {"x":486,"y":2300,"w":222,"h":283},
	"rotated": false,
	"trimmed": true,
	"spriteSourceSize": {"x":130,"y":159,"w":222,"h":283},
	"sourceSize": {"w":480,"h":560}
},
{
	"filename": "SpriteSheet0049",
	"frame": {"x":748,"y":2114,"w":223,"h":287},
	"rotated": false,
	"trimmed": true,
	"spriteSourceSize": {"x":129,"y":160,"w":223,"h":287},
	"sourceSize": {"w":480,"h":560}
},
{
	"filename": "SpriteSheet0050",
	"frame": {"x":1025,"y":1948,"w":224,"h":291},
	"rotated": false,
	"trimmed": true,
	"spriteSourceSize": {"x":129,"y":161,"w":224,"h":291},
	"sourceSize": {"w":480,"h":560}
},
{
	"filename": "SpriteSheet0051",
	"frame": {"x":1,"y":2334,"w":225,"h":294},
	"rotated": false,
	"trimmed": true,
	"spriteSourceSize": {"x":128,"y":162,"w":225,"h":294},
	"sourceSize": {"w":480,"h":560}
},
{
	"filename": "SpriteSheet0052",
	"frame": {"x":259,"y":2233,"w":226,"h":296},
	"rotated": false,
	"trimmed": true,
	"spriteSourceSize": {"x":128,"y":163,"w":226,"h":296},
	"sourceSize": {"w":480,"h":560}
},
{
	"filename": "SpriteSheet0053",
	"frame": {"x":521,"y":2000,"w":226,"h":299},
	"rotated": false,
	"trimmed": true,
	"spriteSourceSize": {"x":128,"y":163,"w":226,"h":299},
	"sourceSize": {"w":480,"h":560}
},
{
	"filename": "SpriteSheet0054",
	"frame": {"x":1785,"y":1997,"w":226,"h":300},
	"rotated": false,
	"trimmed": true,
	"spriteSourceSize": {"x":128,"y":163,"w":226,"h":300},
	"sourceSize": {"w":480,"h":560}
},
{
	"filename": "SpriteSheet0055",
	"frame": {"x":798,"y":1813,"w":226,"h":300},
	"rotated": false,
	"trimmed": true,
	"spriteSourceSize": {"x":128,"y":164,"w":226,"h":300},
	"sourceSize": {"w":480,"h":560}
},
{
	"filename": "SpriteSheet0056",
	"frame": {"x":1558,"y":1965,"w":226,"h":301},
	"rotated": false,
	"trimmed": true,
	"spriteSourceSize": {"x":128,"y":164,"w":226,"h":301},
	"sourceSize": {"w":480,"h":560}
},
{
	"filename": "SpriteSheet0057",
	"frame": {"x":1334,"y":1210,"w":258,"h":262},
	"rotated": false,
	"trimmed": true,
	"spriteSourceSize": {"x":112,"y":152,"w":258,"h":262},
	"sourceSize": {"w":480,"h":560}
},
{
	"filename": "SpriteSheet0058",
	"frame": {"x":1,"y":1239,"w":278,"h":243},
	"rotated": false,
	"trimmed": true,
	"spriteSourceSize": {"x":102,"y":150,"w":278,"h":243},
	"sourceSize": {"w":480,"h":560}
},
{
	"filename": "SpriteSheet0059",
	"frame": {"x":936,"y":791,"w":293,"h":229},
	"rotated": false,
	"trimmed": true,
	"spriteSourceSize": {"x":94,"y":149,"w":293,"h":229},
	"sourceSize": {"w":480,"h":560}
},
{
	"filename": "SpriteSheet0060",
	"frame": {"x":1,"y":521,"w":299,"h":231},
	"rotated": false,
	"trimmed": true,
	"spriteSourceSize": {"x":91,"y":147,"w":299,"h":231},
	"sourceSize": {"w":480,"h":560}
},
{
	"filename": "SpriteSheet0061",
	"frame": {"x":718,"y":244,"w":311,"h":232},
	"rotated": false,
	"trimmed": true,
	"spriteSourceSize": {"x":85,"y":146,"w":311,"h":232},
	"sourceSize": {"w":480,"h":560}
},
{
	"filename": "SpriteSheet0062",
	"frame": {"x":1363,"y":473,"w":311,"h":233},
	"rotated": false,
	"trimmed": true,
	"spriteSourceSize": {"x":85,"y":145,"w":311,"h":233},
	"sourceSize": {"w":480,"h":560}
},
{
	"filename": "SpriteSheet0063",
	"frame": {"x":1364,"y":1,"w":313,"h":234},
	"rotated": false,
	"trimmed": true,
	"spriteSourceSize": {"x":84,"y":144,"w":313,"h":234},
	"sourceSize": {"w":480,"h":560}
},
{
	"filename": "SpriteSheet0064",
	"frame": {"x":1050,"y":238,"w":312,"h":235},
	"rotated": false,
	"trimmed": true,
	"spriteSourceSize": {"x":84,"y":143,"w":312,"h":235},
	"sourceSize": {"w":480,"h":560}
},
{
	"filename": "SpriteSheet0065",
	"frame": {"x":1050,"y":1,"w":313,"h":236},
	"rotated": false,
	"trimmed": true,
	"spriteSourceSize": {"x":84,"y":142,"w":313,"h":236},
	"sourceSize": {"w":480,"h":560}
},
{
	"filename": "SpriteSheet0066",
	"frame": {"x":1364,"y":236,"w":312,"h":236},
	"rotated": false,
	"trimmed": true,
	"spriteSourceSize": {"x":84,"y":142,"w":312,"h":236},
	"sourceSize": {"w":480,"h":560}
},
{
	"filename": "SpriteSheet0067",
	"frame": {"x":1678,"y":1,"w":312,"h":237},
	"rotated": false,
	"trimmed": true,
	"spriteSourceSize": {"x":84,"y":141,"w":312,"h":237},
	"sourceSize": {"w":480,"h":560}
},
{
	"filename": "SpriteSheet0068",
	"frame": {"x":1677,"y":239,"w":311,"h":237},
	"rotated": false,
	"trimmed": true,
	"spriteSourceSize": {"x":85,"y":141,"w":311,"h":237},
	"sourceSize": {"w":480,"h":560}
},
{
	"filename": "SpriteSheet0069",
	"frame": {"x":1675,"y":477,"w":310,"h":252},
	"rotated": false,
	"trimmed": true,
	"spriteSourceSize": {"x":85,"y":126,"w":310,"h":252},
	"sourceSize": {"w":480,"h":560}
},
{
	"filename": "SpriteSheet0070",
	"frame": {"x":1334,"y":1210,"w":258,"h":262},
	"rotated": false,
	"trimmed": true,
	"spriteSourceSize": {"x":112,"y":152,"w":258,"h":262},
	"sourceSize": {"w":480,"h":560}
},
{
	"filename": "SpriteSheet0071",
	"frame": {"x":1783,"y":2298,"w":169,"h":320},
	"rotated": false,
	"trimmed": true,
	"spriteSourceSize": {"x":156,"y":97,"w":169,"h":320},
	"sourceSize": {"w":480,"h":560}
},
{
	"filename": "SpriteSheet0072",
	"frame": {"x":1230,"y":791,"w":105,"h":361},
	"rotated": false,
	"trimmed": true,
	"spriteSourceSize": {"x":188,"y":58,"w":105,"h":361},
	"sourceSize": {"w":480,"h":560}
},
{
	"filename": "SpriteSheet0073",
	"frame": {"x":644,"y":257,"w":66,"h":384},
	"rotated": false,
	"trimmed": true,
	"spriteSourceSize": {"x":208,"y":35,"w":66,"h":384},
	"sourceSize": {"w":480,"h":560}
},
{
	"filename": "SpriteSheet0074",
	"frame": {"x":1991,"y":1,"w":54,"h":393},
	"rotated": false,
	"trimmed": true,
	"spriteSourceSize": {"x":214,"y":27,"w":54,"h":393},
	"sourceSize": {"w":480,"h":560}
},
{
	"filename": "SpriteSheet0075",
	"frame": {"x":333,"y":256,"w":3,"h":3},
	"rotated": false,
	"trimmed": true,
	"spriteSourceSize": {"x":0,"y":0,"w":3,"h":3},
	"sourceSize": {"w":480,"h":560}
},
{
	"filename": "SpriteSheet0076",
	"frame": {"x":1334,"y":1210,"w":258,"h":262},
	"rotated": false,
	"trimmed": true,
	"spriteSourceSize": {"x":112,"y":152,"w":258,"h":262},
	"sourceSize": {"w":480,"h":560}
},
{
	"filename": "SpriteSheet0077",
	"frame": {"x":851,"y":1278,"w":272,"h":276},
	"rotated": false,
	"trimmed": true,
	"spriteSourceSize": {"x":105,"y":145,"w":272,"h":276},
	"sourceSize": {"w":480,"h":560}
},
{
	"filename": "SpriteSheet0078",
	"frame": {"x":1030,"y":474,"w":310,"h":316},
	"rotated": false,
	"trimmed": true,
	"spriteSourceSize": {"x":86,"y":125,"w":310,"h":316},
	"sourceSize": {"w":480,"h":560}
},
{
	"filename": "SpriteSheet0079",
	"frame": {"x":1572,"y":1721,"w":239,"h":243},
	"rotated": false,
	"trimmed": true,
	"spriteSourceSize": {"x":121,"y":162,"w":239,"h":243},
	"sourceSize": {"w":480,"h":560}
},
{
	"filename": "SpriteSheet0080",
	"frame": {"x":709,"y":2402,"w":177,"h":180},
	"rotated": false,
	"trimmed": true,
	"spriteSourceSize": {"x":152,"y":193,"w":177,"h":180},
	"sourceSize": {"w":480,"h":560}
},
{
	"filename": "SpriteSheet0081",
	"frame": {"x":1153,"y":2339,"w":168,"h":168},
	"rotated": false,
	"trimmed": true,
	"spriteSourceSize": {"x":157,"y":193,"w":168,"h":168},
	"sourceSize": {"w":480,"h":560}
},
{
	"filename": "SpriteSheet0082",
	"frame": {"x":1124,"y":1470,"w":198,"h":197},
	"rotated": false,
	"trimmed": true,
	"spriteSourceSize": {"x":142,"y":178,"w":198,"h":197},
	"sourceSize": {"w":480,"h":560}
},
{
	"filename": "SpriteSheet0083",
	"frame": {"x":1812,"y":1769,"w":228,"h":227},
	"rotated": false,
	"trimmed": true,
	"spriteSourceSize": {"x":127,"y":162,"w":228,"h":227},
	"sourceSize": {"w":480,"h":560}
},
{
	"filename": "SpriteSheet0084",
	"frame": {"x":829,"y":1555,"w":258,"h":257},
	"rotated": false,
	"trimmed": true,
	"spriteSourceSize": {"x":112,"y":147,"w":258,"h":257},
	"sourceSize": {"w":480,"h":560}
},
{
	"filename": "SpriteSheet0085",
	"frame": {"x":1153,"y":2508,"w":141,"h":140},
	"rotated": false,
	"trimmed": true,
	"spriteSourceSize": {"x":169,"y":208,"w":141,"h":140},
	"sourceSize": {"w":480,"h":560}
},
{
	"filename": "SpriteSheet0086",
	"frame": {"x":1920,"y":1202,"w":115,"h":109},
	"rotated": false,
	"trimmed": true,
	"spriteSourceSize": {"x":180,"y":222,"w":115,"h":109},
	"sourceSize": {"w":480,"h":560}
},
{
	"filename": "SpriteSheet0087",
	"frame": {"x":333,"y":256,"w":3,"h":3},
	"rotated": false,
	"trimmed": true,
	"spriteSourceSize": {"x":0,"y":0,"w":3,"h":3},
	"sourceSize": {"w":480,"h":560}
}],
"meta": {
	"app": "http://www.codeandweb.com/texturepacker",
	"version": "1.0",
	"image": "brawny.png",
	"format": "RGBA8888",
	"size": {"w":2048,"h":4096},
	"scale": "1",
	"smartupdate": "$TexturePacker:SmartUpdate:01c971ccbfebc36d4b4a275c677d45c9:565ededb62c1084ea9b2750fd0c4db60:3a54347cda1f9509e5719479f7eba33e$"
}
}
