{	
	"name": "",
	"width": 9,
	"height": 6,
	"starLevels": [90,12,7],
	"tutorial": [
		"tutorial8",
        "tutorial9"
	],
	"active": [
	    [" "," "," "," "," "," "," "," "," "],
	    
	    [" ","B","b"," "," "," "," "," "," "],
	    
	    [" "," "," "," "," "," "," "," "," "],
	    	    
	    [" "," "," "," "," "," "," "," "," "],
	    
	    [" "," "," "," "," "," "," "," "," "],
	    	    
	    [" "," "," "," "," "," "," "," "," "]
	],
	"fixed":[
	    ["#","#","#","#","#","#","#","#","#"],
	    
	    ["#"," "," ","#"," ","13","#","#","#"],
	    	    
	    ["#"," "," "," "," "," "," "," ","#"],
	    
	    ["#","15","15","15"," "," "," "," ","#"],
	    
	    ["#","G","g","15"," "," "," "," ","#"],
	    	    
	    ["#","#","#","#","#","#","#","#","#"]
	]
}