{"frames": [

{
	"filename": "brainandbrawn_alien-b",
	"frame": {"x":822,"y":1161,"w":236,"h":220},
	"rotated": false,
	"trimmed": true,
	"spriteSourceSize": {"x":10,"y":82,"w":236,"h":220},
	"sourceSize": {"w":256,"h":320}
},
{
	"filename": "brainandbrawn_alien",
	"frame": {"x":1086,"y":1111,"w":242,"h":256},
	"rotated": false,
	"trimmed": true,
	"spriteSourceSize": {"x":7,"y":52,"w":242,"h":256},
	"sourceSize": {"w":256,"h":320}
},
{
	"filename": "brainandbrawn_alien2",
	"frame": {"x":1382,"y":568,"w":254,"h":229},
	"rotated": false,
	"trimmed": true,
	"spriteSourceSize": {"x":1,"y":83,"w":254,"h":229},
	"sourceSize": {"w":256,"h":320}
},
{
	"filename": "brainandbrawn_alien3",
	"frame": {"x":1656,"y":293,"w":254,"h":275},
	"rotated": false,
	"trimmed": true,
	"spriteSourceSize": {"x":1,"y":45,"w":254,"h":275},
	"sourceSize": {"w":256,"h":320}
},
{
	"filename": "brainandbrawn_blank",
	"frame": {"x":1930,"y":10,"w":3,"h":3},
	"rotated": false,
	"trimmed": true,
	"spriteSourceSize": {"x":0,"y":0,"w":3,"h":3},
	"sourceSize": {"w":256,"h":320}
},
{
	"filename": "brainandbrawn_block",
	"frame": {"x":10,"y":348,"w":256,"h":320},
	"rotated": false,
	"trimmed": false,
	"spriteSourceSize": {"x":0,"y":0,"w":256,"h":320},
	"sourceSize": {"w":256,"h":320}
},
{
	"filename": "brainandbrawn_brainy-b",
	"frame": {"x":558,"y":1165,"w":144,"h":225},
	"rotated": false,
	"trimmed": true,
	"spriteSourceSize": {"x":53,"y":48,"w":144,"h":225},
	"sourceSize": {"w":256,"h":320}
},
{
	"filename": "brainandbrawn_brainy",
	"frame": {"x":1076,"y":1385,"w":144,"h":212},
	"rotated": false,
	"trimmed": true,
	"spriteSourceSize": {"x":57,"y":45,"w":144,"h":212},
	"sourceSize": {"w":256,"h":320}
},
{
	"filename": "brainandbrawn_brawny-b",
	"frame": {"x":1108,"y":293,"w":256,"h":262},
	"rotated": false,
	"trimmed": true,
	"spriteSourceSize": {"x":0,"y":58,"w":256,"h":262},
	"sourceSize": {"w":256,"h":320}
},
{
	"filename": "brainandbrawn_brawny",
	"frame": {"x":1360,"y":1079,"w":244,"h":292},
	"rotated": false,
	"trimmed": true,
	"spriteSourceSize": {"x":6,"y":16,"w":244,"h":292},
	"sourceSize": {"w":256,"h":320}
},
{
	"filename": "brainandbrawn_floor",
	"frame": {"x":833,"y":348,"w":256,"h":257},
	"rotated": false,
	"trimmed": true,
	"spriteSourceSize": {"x":0,"y":63,"w":256,"h":257},
	"sourceSize": {"w":256,"h":320}
},
{
	"filename": "brainandbrawn_gateNew1C",
	"frame": {"x":10,"y":686,"w":256,"h":320},
	"rotated": false,
	"trimmed": false,
	"spriteSourceSize": {"x":0,"y":0,"w":256,"h":320},
	"sourceSize": {"w":256,"h":320}
},
{
	"filename": "brainandbrawn_gateNew1D",
	"frame": {"x":559,"y":333,"w":256,"h":265},
	"rotated": false,
	"trimmed": true,
	"spriteSourceSize": {"x":0,"y":55,"w":256,"h":265},
	"sourceSize": {"w":256,"h":320}
},
{
	"filename": "brainandbrawn_gateNew2C",
	"frame": {"x":10,"y":1024,"w":256,"h":320},
	"rotated": false,
	"trimmed": false,
	"spriteSourceSize": {"x":0,"y":0,"w":256,"h":320},
	"sourceSize": {"w":256,"h":320}
},
{
	"filename": "brainandbrawn_gateNew2D",
	"frame": {"x":1108,"y":10,"w":256,"h":265},
	"rotated": false,
	"trimmed": true,
	"spriteSourceSize": {"x":0,"y":55,"w":256,"h":265},
	"sourceSize": {"w":256,"h":320}
},
{
	"filename": "brainandbrawn_gateNew3C",
	"frame": {"x":10,"y":1362,"w":256,"h":320},
	"rotated": false,
	"trimmed": false,
	"spriteSourceSize": {"x":0,"y":0,"w":256,"h":320},
	"sourceSize": {"w":256,"h":320}
},
{
	"filename": "brainandbrawn_gateNew3D",
	"frame": {"x":1382,"y":10,"w":256,"h":265},
	"rotated": false,
	"trimmed": true,
	"spriteSourceSize": {"x":0,"y":55,"w":256,"h":265},
	"sourceSize": {"w":256,"h":320}
},
{
	"filename": "brainandbrawn_gateNew4C",
	"frame": {"x":10,"y":1700,"w":256,"h":320},
	"rotated": false,
	"trimmed": false,
	"spriteSourceSize": {"x":0,"y":0,"w":256,"h":320},
	"sourceSize": {"w":256,"h":320}
},
{
	"filename": "brainandbrawn_gateNew4D",
	"frame": {"x":1656,"y":10,"w":256,"h":265},
	"rotated": false,
	"trimmed": true,
	"spriteSourceSize": {"x":0,"y":55,"w":256,"h":265},
	"sourceSize": {"w":256,"h":320}
},
{
	"filename": "brainandbrawn_goalBrainy",
	"frame": {"x":558,"y":616,"w":256,"h":257},
	"rotated": false,
	"trimmed": true,
	"spriteSourceSize": {"x":0,"y":63,"w":256,"h":257},
	"sourceSize": {"w":256,"h":320}
},
{
	"filename": "brainandbrawn_goalBrawny",
	"frame": {"x":1382,"y":293,"w":256,"h":257},
	"rotated": false,
	"trimmed": true,
	"spriteSourceSize": {"x":0,"y":63,"w":256,"h":257},
	"sourceSize": {"w":256,"h":320}
},
{
	"filename": "brainandbrawn_moveable",
	"frame": {"x":284,"y":348,"w":256,"h":320},
	"rotated": false,
	"trimmed": false,
	"spriteSourceSize": {"x":0,"y":0,"w":256,"h":320},
	"sourceSize": {"w":256,"h":320}
},
{
	"filename": "brainandbrawn_peg1",
	"frame": {"x":285,"y":10,"w":256,"h":320},
	"rotated": false,
	"trimmed": false,
	"spriteSourceSize": {"x":0,"y":0,"w":256,"h":320},
	"sourceSize": {"w":256,"h":320}
},
{
	"filename": "brainandbrawn_peg2",
	"frame": {"x":284,"y":686,"w":256,"h":320},
	"rotated": false,
	"trimmed": false,
	"spriteSourceSize": {"x":0,"y":0,"w":256,"h":320},
	"sourceSize": {"w":256,"h":320}
},
{
	"filename": "brainandbrawn_peg3",
	"frame": {"x":284,"y":1024,"w":256,"h":320},
	"rotated": false,
	"trimmed": false,
	"spriteSourceSize": {"x":0,"y":0,"w":256,"h":320},
	"sourceSize": {"w":256,"h":320}
},
{
	"filename": "brainandbrawn_peg4",
	"frame": {"x":284,"y":1362,"w":256,"h":320},
	"rotated": false,
	"trimmed": false,
	"spriteSourceSize": {"x":0,"y":0,"w":256,"h":320},
	"sourceSize": {"w":256,"h":320}
},
{
	"filename": "brainandbrawn_pipe0",
	"frame": {"x":284,"y":1700,"w":256,"h":320},
	"rotated": false,
	"trimmed": false,
	"spriteSourceSize": {"x":0,"y":0,"w":256,"h":320},
	"sourceSize": {"w":256,"h":320}
},
{
	"filename": "brainandbrawn_slidingBlock",
	"frame": {"x":559,"y":10,"w":257,"h":305},
	"rotated": false,
	"trimmed": true,
	"spriteSourceSize": {"x":0,"y":15,"w":257,"h":305},
	"sourceSize": {"w":257,"h":320}
},
{
	"filename": "brainandbrawn_spikedBlock",
	"frame": {"x":834,"y":10,"w":256,"h":320},
	"rotated": false,
	"trimmed": false,
	"spriteSourceSize": {"x":0,"y":0,"w":256,"h":320},
	"sourceSize": {"w":256,"h":320}
},
{
	"filename": "brainandbrawn_switchNew1A",
	"frame": {"x":1107,"y":573,"w":246,"h":256},
	"rotated": false,
	"trimmed": true,
	"spriteSourceSize": {"x":5,"y":59,"w":246,"h":256},
	"sourceSize": {"w":256,"h":320}
},
{
	"filename": "brainandbrawn_switchNew1B",
	"frame": {"x":1371,"y":815,"w":246,"h":246},
	"rotated": false,
	"trimmed": true,
	"spriteSourceSize": {"x":5,"y":69,"w":246,"h":246},
	"sourceSize": {"w":256,"h":320}
},
{
	"filename": "brainandbrawn_switchNew2A",
	"frame": {"x":832,"y":623,"w":246,"h":256},
	"rotated": false,
	"trimmed": true,
	"spriteSourceSize": {"x":5,"y":59,"w":246,"h":256},
	"sourceSize": {"w":256,"h":320}
},
{
	"filename": "brainandbrawn_switchNew2B",
	"frame": {"x":1096,"y":847,"w":246,"h":246},
	"rotated": false,
	"trimmed": true,
	"spriteSourceSize": {"x":5,"y":69,"w":246,"h":246},
	"sourceSize": {"w":256,"h":320}
},
{
	"filename": "brainandbrawn_switchNew3A",
	"frame": {"x":558,"y":891,"w":246,"h":256},
	"rotated": false,
	"trimmed": true,
	"spriteSourceSize": {"x":5,"y":59,"w":246,"h":256},
	"sourceSize": {"w":256,"h":320}
},
{
	"filename": "brainandbrawn_switchNew3B",
	"frame": {"x":822,"y":897,"w":246,"h":246},
	"rotated": false,
	"trimmed": true,
	"spriteSourceSize": {"x":6,"y":69,"w":246,"h":246},
	"sourceSize": {"w":257,"h":320}
},
{
	"filename": "brainandbrawn_switchNew4A",
	"frame": {"x":1654,"y":586,"w":246,"h":256},
	"rotated": false,
	"trimmed": true,
	"spriteSourceSize": {"x":6,"y":59,"w":246,"h":256},
	"sourceSize": {"w":257,"h":320}
},
{
	"filename": "brainandbrawn_switchNew4B",
	"frame": {"x":1635,"y":860,"w":246,"h":246},
	"rotated": false,
	"trimmed": true,
	"spriteSourceSize": {"x":5,"y":69,"w":246,"h":246},
	"sourceSize": {"w":256,"h":320}
},
{
	"filename": "brainandbrawn_wallDamaged",
	"frame": {"x":10,"y":10,"w":257,"h":320},
	"rotated": false,
	"trimmed": false,
	"spriteSourceSize": {"x":0,"y":0,"w":257,"h":320},
	"sourceSize": {"w":257,"h":320}
},
{
	"filename": "colored-pegs",
	"frame": {"x":285,"y":10,"w":256,"h":320},
	"rotated": false,
	"trimmed": false,
	"spriteSourceSize": {"x":0,"y":0,"w":256,"h":320},
	"sourceSize": {"w":256,"h":320}
}],
"meta": {
	"app": "http://www.codeandweb.com/texturepacker",
	"version": "1.0",
	"image": "spritesheet.png",
	"format": "RGBA8888",
	"size": {"w":2048,"h":2048},
	"scale": "1",
	"smartupdate": "$TexturePacker:SmartUpdate:ca91d16c8c1cb6771b1887157f011177:bbb2c37d4fd88329f280f872ae7b25f4:729adc6043343cfda41c447ce8f464d6$"
}
}
