{"saved":true,"name":"test","height":14,"width":10,"active":[[" "," "," "," "," "," "," "," "," "," "],[" "," ","B"," "," "," "," "," "," "," "],[" ","b"," "," "," "," "," "," "," "," "],[" "," "," "," "," "," "," "," "," "," "],[" "," "," "," "," "," "," "," "," "," "],[" "," "," "," "," "," "," "," "," "," "],[" "," "," "," "," "," "," "," "," "," "],[" "," "," "," "," "," "," "," "," "," "],[" "," "," "," "," "," "," "," "," "," "],[" "," "," "," "," "," "," "," "," "," "],[" "," "," "," "," "," "," "," "," "," "],[" "," "," "," "," "," "," "," "," "," "],[" "," "," "," "," "," "," "," "," "," "],[" "," "," "," "," "," "," "," "," "," "]],"fixed":[[" ","#","#","#","#"," "," "," "," "," "],["#","#"," "," ","#","0","0"," "," "," "],["#"," "," "," ","#"," ","0","0","0","0"],["#","#"," ","#","#"," "," "," "," ","0"],["#","E"," "," "," "," "," ","0"," ","0"],["#","0","#","#","#","#","#","0"," ","0"],[" "," "," "," "," "," "," ","0"," ","0"],[" "," "," "," "," "," "," ","0"," ","0"],["#","0","#","#","#","#","#","0"," ","0"],["#","E"," "," "," "," "," ","0"," ","0"],["#"," "," ","#","#"," "," "," "," ","0"],["#"," ","#","G","#"," ","0","0","0","0"],["#"," ","g"," ","#","0","0"," "," "," "],["#","#","#","#","#"," "," "," "," "," "]],"starLevels": [23,18]}