{	
	"name": "Enemy Level",
	"width": 10,
	"height": 10,
	"tutorial": [
		"tutorial6",
        "tutorial7"
	],
	"active": [
	    [" "," "," "," "," "," "," "," "," "," "],
	    
	    [" "," "," "," "," "," "," "," "," "," "],
	    
	    [" "," "," "," "," "," "," "," "," "," "],
	    
	    [" "," "," "," "," "," "," "," "," "," "],
	    
	    [" "," "," "," "," "," "," "," "," "," "],
	    
	    [" "," "," "," "," "," "," "," "," "," "],
	    
	    [" "," "," "," "," "," "," "," "," "," "],

	    [" "," "," "," "," "," "," "," "," "," "],
	    
	    [" "," "," "," "," ","b","B"," "," "," "],

	    [" "," "," "," "," "," "," "," "," "," "]
	],
	"fixed": [
	    ["#","#","#","#","#","#","#","#","#","#"],
	    
	    ["#","#"," "," "," "," "," "," "," ","#"],
	    
	    ["#","#"," "," "," "," "," ","E","E","#"],

	    ["#","#","#","#"," "," ","#","g","G","#"],

	    ["#"," "," ","E"," "," ","#","#","#","#"],        
	    
	    ["#"," "," ","#"," "," ","E"," "," ","#"],
	    
	    ["#"," "," ","#","#","#","#"," "," ","#"],
	    
	    ["#"," "," "," "," "," "," "," "," ","#"],
	    
	    ["#"," "," ","#","#"," "," "," "," ","#"],
	    
	    ["#","#","#","#","#","#","#","#","#","#"]
	]
}