{	
	"name": "Start Level",
	"width": 9,
	"height": 7,
	"tutorial": [
		"tutorial1",
        "tutorial2",
        "tutorial3"
	],
	"active": [
	    [" "," "," "," "," "," "," "," "," "],
	    
	    [" ","b","B"," "," "," "," "," "," "],
	    
	    [" "," "," "," "," "," "," "," "," "],
	    	    
	    [" "," "," "," "," "," "," "," "," "],
	    
	    [" "," "," "," "," "," "," "," "," "],
	    
	    [" "," "," "," "," "," "," "," "," "],
	    
	    [" "," "," "," "," "," "," "," "," "]
	],
	"fixed":[
	    ["#","#","#","#","#","#","#","#","#"],
	    
	    ["#"," "," ","#"," "," "," "," ","#"],
	    	    
	    ["#"," "," "," "," "," "," "," ","#"],
	    
	    ["#","#","#"," "," "," ","#","#","#"],
	    
	    ["#","g","G"," "," "," "," "," ","#"],
	    
	    ["#","#","#","#"," "," "," "," ","#"],
	    
	    [" "," "," ","#","#","#","#","#","#"]
	]
}