{	
	"name": "Team Level",
	"width": 9,
	"height": 9,
	"active": [
	    [" "," "," "," "," "," "," "," "," "],
	    
	    [" ","b"," "," "," ","B"," "," "," "],
	    
	    [" "," "," "," "," "," "," "," "," "],
	    
	    [" "," "," "," "," "," "," "," "," "],
	    
	    [" "," "," "," "," "," "," "," "," "],
	    
	    [" "," "," "," "," "," "," "," "," "],
	    
	    [" "," "," "," "," "," "," "," "," "],

	    [" "," "," "," "," "," "," "," "," "],
	    
	    [" "," "," "," "," "," "," "," "," "]
	],
	"fixed":[
	    ["#","#","#","#","#","#","#","#","#"],
    
	    ["#"," "," ","G","#"," "," ","g","#"],
    
	    ["#"," "," "," ","#"," "," "," ","#"],
    
	    ["#"," "," "," ","#"," "," "," ","#"],
    
	    ["#"," ","#"," ","#","#"," "," ","#"],
    
	    ["#"," ","#"," "," "," "," "," ","#"],
    
	    ["#"," "," "," "," "," "," ","#","#"],

	    ["#","#"," "," "," "," "," ","#","#"],    
    
	    ["#","#","#","#","#","#","#","#","#"]
	]
}