{"frames": [

{
	"filename": "brainandbrawn_alien-b",
	"frame": {"x":536,"y":5,"w":236,"h":220},
	"rotated": false,
	"trimmed": true,
	"spriteSourceSize": {"x":10,"y":82,"w":236,"h":220},
	"sourceSize": {"w":256,"h":320}
},
{
	"filename": "brainandbrawn_alienA_move",
	"frame": {"x":1845,"y":5,"w":196,"h":212},
	"rotated": false,
	"trimmed": true,
	"spriteSourceSize": {"x":30,"y":90,"w":196,"h":212},
	"sourceSize": {"w":256,"h":320}
},
{
	"filename": "brainandbrawn_alienB",
	"frame": {"x":1049,"y":545,"w":250,"h":285},
	"rotated": false,
	"trimmed": true,
	"spriteSourceSize": {"x":3,"y":29,"w":250,"h":285},
	"sourceSize": {"w":256,"h":320}
},
{
	"filename": "brainandbrawn_alienB_move",
	"frame": {"x":270,"y":1650,"w":254,"h":314},
	"rotated": false,
	"trimmed": true,
	"spriteSourceSize": {"x":1,"y":6,"w":254,"h":314},
	"sourceSize": {"w":256,"h":320}
},
{
	"filename": "brainandbrawn_blank",
	"frame": {"x":5,"y":1979,"w":3,"h":3},
	"rotated": false,
	"trimmed": true,
	"spriteSourceSize": {"x":0,"y":0,"w":3,"h":3},
	"sourceSize": {"w":256,"h":320}
},
{
	"filename": "brainandbrawn_block",
	"frame": {"x":5,"y":334,"w":256,"h":320},
	"rotated": false,
	"trimmed": false,
	"spriteSourceSize": {"x":0,"y":0,"w":256,"h":320},
	"sourceSize": {"w":256,"h":320}
},
{
	"filename": "brainandbrawn_floor",
	"frame": {"x":1315,"y":5,"w":256,"h":257},
	"rotated": false,
	"trimmed": true,
	"spriteSourceSize": {"x":0,"y":63,"w":256,"h":257},
	"sourceSize": {"w":256,"h":320}
},
{
	"filename": "brainandbrawn_gateNew1C",
	"frame": {"x":5,"y":663,"w":256,"h":320},
	"rotated": false,
	"trimmed": false,
	"spriteSourceSize": {"x":0,"y":0,"w":256,"h":320},
	"sourceSize": {"w":256,"h":320}
},
{
	"filename": "brainandbrawn_gateNew1D",
	"frame": {"x":1580,"y":5,"w":256,"h":257},
	"rotated": false,
	"trimmed": true,
	"spriteSourceSize": {"x":0,"y":63,"w":256,"h":257},
	"sourceSize": {"w":256,"h":320}
},
{
	"filename": "brainandbrawn_gateNew2C",
	"frame": {"x":5,"y":992,"w":256,"h":320},
	"rotated": false,
	"trimmed": false,
	"spriteSourceSize": {"x":0,"y":0,"w":256,"h":320},
	"sourceSize": {"w":256,"h":320}
},
{
	"filename": "brainandbrawn_gateNew2D",
	"frame": {"x":1315,"y":271,"w":256,"h":257},
	"rotated": false,
	"trimmed": true,
	"spriteSourceSize": {"x":0,"y":63,"w":256,"h":257},
	"sourceSize": {"w":256,"h":320}
},
{
	"filename": "brainandbrawn_gateNew3C",
	"frame": {"x":5,"y":1321,"w":256,"h":320},
	"rotated": false,
	"trimmed": false,
	"spriteSourceSize": {"x":0,"y":0,"w":256,"h":320},
	"sourceSize": {"w":256,"h":320}
},
{
	"filename": "brainandbrawn_gateNew3D",
	"frame": {"x":1580,"y":271,"w":256,"h":257},
	"rotated": false,
	"trimmed": true,
	"spriteSourceSize": {"x":0,"y":63,"w":256,"h":257},
	"sourceSize": {"w":256,"h":320}
},
{
	"filename": "brainandbrawn_gateNew4C",
	"frame": {"x":5,"y":1650,"w":256,"h":320},
	"rotated": false,
	"trimmed": false,
	"spriteSourceSize": {"x":0,"y":0,"w":256,"h":320},
	"sourceSize": {"w":256,"h":320}
},
{
	"filename": "brainandbrawn_gateNew4D",
	"frame": {"x":784,"y":279,"w":256,"h":257},
	"rotated": false,
	"trimmed": true,
	"spriteSourceSize": {"x":0,"y":63,"w":256,"h":257},
	"sourceSize": {"w":256,"h":320}
},
{
	"filename": "brainandbrawn_goalBrainyB",
	"frame": {"x":1050,"y":5,"w":256,"h":265},
	"rotated": false,
	"trimmed": true,
	"spriteSourceSize": {"x":0,"y":55,"w":256,"h":265},
	"sourceSize": {"w":256,"h":320}
},
{
	"filename": "brainandbrawn_goalBrawnyB",
	"frame": {"x":784,"y":5,"w":257,"h":265},
	"rotated": false,
	"trimmed": true,
	"spriteSourceSize": {"x":0,"y":55,"w":257,"h":265},
	"sourceSize": {"w":257,"h":320}
},
{
	"filename": "brainandbrawn_peg1_down",
	"frame": {"x":1049,"y":279,"w":256,"h":257},
	"rotated": false,
	"trimmed": true,
	"spriteSourceSize": {"x":0,"y":63,"w":256,"h":257},
	"sourceSize": {"w":256,"h":320}
},
{
	"filename": "brainandbrawn_peg1_up",
	"frame": {"x":270,"y":334,"w":256,"h":320},
	"rotated": false,
	"trimmed": false,
	"spriteSourceSize": {"x":0,"y":0,"w":256,"h":320},
	"sourceSize": {"w":256,"h":320}
},
{
	"filename": "brainandbrawn_peg2_down",
	"frame": {"x":1314,"y":537,"w":256,"h":257},
	"rotated": false,
	"trimmed": true,
	"spriteSourceSize": {"x":0,"y":63,"w":256,"h":257},
	"sourceSize": {"w":256,"h":320}
},
{
	"filename": "brainandbrawn_peg2_up",
	"frame": {"x":271,"y":5,"w":256,"h":320},
	"rotated": false,
	"trimmed": false,
	"spriteSourceSize": {"x":0,"y":0,"w":256,"h":320},
	"sourceSize": {"w":256,"h":320}
},
{
	"filename": "brainandbrawn_peg3_down",
	"frame": {"x":1579,"y":537,"w":256,"h":257},
	"rotated": false,
	"trimmed": true,
	"spriteSourceSize": {"x":0,"y":63,"w":256,"h":257},
	"sourceSize": {"w":256,"h":320}
},
{
	"filename": "brainandbrawn_peg3_up",
	"frame": {"x":270,"y":663,"w":256,"h":320},
	"rotated": false,
	"trimmed": false,
	"spriteSourceSize": {"x":0,"y":0,"w":256,"h":320},
	"sourceSize": {"w":256,"h":320}
},
{
	"filename": "brainandbrawn_peg4_down",
	"frame": {"x":784,"y":545,"w":256,"h":257},
	"rotated": false,
	"trimmed": true,
	"spriteSourceSize": {"x":0,"y":63,"w":256,"h":257},
	"sourceSize": {"w":256,"h":320}
},
{
	"filename": "brainandbrawn_peg4_up",
	"frame": {"x":270,"y":992,"w":256,"h":320},
	"rotated": false,
	"trimmed": false,
	"spriteSourceSize": {"x":0,"y":0,"w":256,"h":320},
	"sourceSize": {"w":256,"h":320}
},
{
	"filename": "brainandbrawn_pipe0",
	"frame": {"x":270,"y":1321,"w":256,"h":320},
	"rotated": false,
	"trimmed": false,
	"spriteSourceSize": {"x":0,"y":0,"w":256,"h":320},
	"sourceSize": {"w":256,"h":320}
},
{
	"filename": "brainandbrawn_slidingBlock",
	"frame": {"x":533,"y":1650,"w":242,"h":298},
	"rotated": false,
	"trimmed": true,
	"spriteSourceSize": {"x":8,"y":15,"w":242,"h":298},
	"sourceSize": {"w":257,"h":320}
},
{
	"filename": "brainandbrawn_switchNew1A",
	"frame": {"x":536,"y":234,"w":227,"h":230},
	"rotated": false,
	"trimmed": true,
	"spriteSourceSize": {"x":15,"y":75,"w":227,"h":230},
	"sourceSize": {"w":256,"h":320}
},
{
	"filename": "brainandbrawn_switchNew1B",
	"frame": {"x":535,"y":951,"w":227,"h":226},
	"rotated": false,
	"trimmed": true,
	"spriteSourceSize": {"x":15,"y":79,"w":227,"h":226},
	"sourceSize": {"w":256,"h":320}
},
{
	"filename": "brainandbrawn_switchNew2A",
	"frame": {"x":535,"y":473,"w":227,"h":230},
	"rotated": false,
	"trimmed": true,
	"spriteSourceSize": {"x":15,"y":75,"w":227,"h":230},
	"sourceSize": {"w":256,"h":320}
},
{
	"filename": "brainandbrawn_switchNew2B",
	"frame": {"x":535,"y":1186,"w":227,"h":226},
	"rotated": false,
	"trimmed": true,
	"spriteSourceSize": {"x":15,"y":79,"w":227,"h":226},
	"sourceSize": {"w":256,"h":320}
},
{
	"filename": "brainandbrawn_switchNew3A",
	"frame": {"x":535,"y":712,"w":227,"h":230},
	"rotated": false,
	"trimmed": true,
	"spriteSourceSize": {"x":15,"y":75,"w":227,"h":230},
	"sourceSize": {"w":256,"h":320}
},
{
	"filename": "brainandbrawn_switchNew3B",
	"frame": {"x":771,"y":1050,"w":227,"h":226},
	"rotated": false,
	"trimmed": true,
	"spriteSourceSize": {"x":16,"y":79,"w":227,"h":226},
	"sourceSize": {"w":257,"h":320}
},
{
	"filename": "brainandbrawn_switchNew4A",
	"frame": {"x":784,"y":811,"w":227,"h":230},
	"rotated": false,
	"trimmed": true,
	"spriteSourceSize": {"x":16,"y":75,"w":227,"h":230},
	"sourceSize": {"w":257,"h":320}
},
{
	"filename": "brainandbrawn_switchNew4B",
	"frame": {"x":771,"y":1285,"w":227,"h":226},
	"rotated": false,
	"trimmed": true,
	"spriteSourceSize": {"x":15,"y":79,"w":227,"h":226},
	"sourceSize": {"w":256,"h":320}
},
{
	"filename": "brainandbrawn_wallDamaged",
	"frame": {"x":5,"y":5,"w":257,"h":320},
	"rotated": false,
	"trimmed": false,
	"spriteSourceSize": {"x":0,"y":0,"w":257,"h":320},
	"sourceSize": {"w":257,"h":320}
}],
"meta": {
	"app": "http://www.codeandweb.com/texturepacker",
	"version": "1.0",
	"image": "spritesheet.png",
	"format": "RGBA8888",
	"size": {"w":2048,"h":2048},
	"scale": "1",
	"smartupdate": "$TexturePacker:SmartUpdate:da790fe19e03d384f8a42f841ea4f7f5:a5915ca5b1bcfc9352d44e924b5bc0b0:729adc6043343cfda41c447ce8f464d6$"
}
}
