{"frames": [

{
	"filename": "stars0001",
	"frame": {"x":999,"y":252,"w":3,"h":3},
	"rotated": false,
	"trimmed": true,
	"spriteSourceSize": {"x":0,"y":0,"w":3,"h":3},
	"sourceSize": {"w":580,"h":580}
},
{
	"filename": "stars0002",
	"frame": {"x":1974,"y":2,"w":64,"h":62},
	"rotated": false,
	"trimmed": true,
	"spriteSourceSize": {"x":258,"y":259,"w":64,"h":62},
	"sourceSize": {"w":580,"h":580}
},
{
	"filename": "stars0003",
	"frame": {"x":1928,"y":267,"w":118,"h":112},
	"rotated": false,
	"trimmed": true,
	"spriteSourceSize": {"x":231,"y":234,"w":118,"h":112},
	"sourceSize": {"w":580,"h":580}
},
{
	"filename": "stars0004",
	"frame": {"x":1864,"y":876,"w":162,"h":155},
	"rotated": false,
	"trimmed": true,
	"spriteSourceSize": {"x":209,"y":213,"w":162,"h":155},
	"sourceSize": {"w":580,"h":580}
},
{
	"filename": "stars0005",
	"frame": {"x":1456,"y":1845,"w":198,"h":190},
	"rotated": false,
	"trimmed": true,
	"spriteSourceSize": {"x":191,"y":195,"w":198,"h":190},
	"sourceSize": {"w":580,"h":580}
},
{
	"filename": "stars0006",
	"frame": {"x":904,"y":1819,"w":228,"h":218},
	"rotated": false,
	"trimmed": true,
	"spriteSourceSize": {"x":176,"y":181,"w":228,"h":218},
	"sourceSize": {"w":580,"h":580}
},
{
	"filename": "stars0007",
	"frame": {"x":792,"y":1580,"w":248,"h":237},
	"rotated": false,
	"trimmed": true,
	"spriteSourceSize": {"x":166,"y":172,"w":248,"h":237},
	"sourceSize": {"w":580,"h":580}
},
{
	"filename": "stars0008",
	"frame": {"x":268,"y":1720,"w":260,"h":248},
	"rotated": false,
	"trimmed": true,
	"spriteSourceSize": {"x":160,"y":166,"w":260,"h":248},
	"sourceSize": {"w":580,"h":580}
},
{
	"filename": "stars0009",
	"frame": {"x":2,"y":1720,"w":264,"h":252},
	"rotated": false,
	"trimmed": true,
	"spriteSourceSize": {"x":158,"y":164,"w":264,"h":252},
	"sourceSize": {"w":580,"h":580}
},
{
	"filename": "stars0010",
	"frame": {"x":530,"y":1580,"w":260,"h":248},
	"rotated": false,
	"trimmed": true,
	"spriteSourceSize": {"x":160,"y":166,"w":260,"h":248},
	"sourceSize": {"w":580,"h":580}
},
{
	"filename": "stars0011",
	"frame": {"x":1042,"y":1419,"w":244,"h":234},
	"rotated": false,
	"trimmed": true,
	"spriteSourceSize": {"x":168,"y":173,"w":244,"h":234},
	"sourceSize": {"w":580,"h":580}
},
{
	"filename": "stars0012",
	"frame": {"x":1456,"y":1632,"w":220,"h":211},
	"rotated": false,
	"trimmed": true,
	"spriteSourceSize": {"x":180,"y":185,"w":220,"h":211},
	"sourceSize": {"w":580,"h":580}
},
{
	"filename": "stars0013",
	"frame": {"x":1678,"y":1239,"w":220,"h":211},
	"rotated": false,
	"trimmed": true,
	"spriteSourceSize": {"x":161,"y":185,"w":220,"h":211},
	"sourceSize": {"w":580,"h":580}
},
{
	"filename": "stars0014",
	"frame": {"x":1288,"y":1419,"w":260,"h":211},
	"rotated": false,
	"trimmed": true,
	"spriteSourceSize": {"x":143,"y":185,"w":260,"h":211},
	"sourceSize": {"w":580,"h":580}
},
{
	"filename": "stars0015",
	"frame": {"x":1134,"y":1655,"w":320,"h":211},
	"rotated": false,
	"trimmed": true,
	"spriteSourceSize": {"x":127,"y":185,"w":320,"h":211},
	"sourceSize": {"w":580,"h":580}
},
{
	"filename": "stars0016",
	"frame": {"x":530,"y":1830,"w":372,"h":211},
	"rotated": false,
	"trimmed": true,
	"spriteSourceSize": {"x":113,"y":185,"w":372,"h":211},
	"sourceSize": {"w":580,"h":580}
},
{
	"filename": "stars0017",
	"frame": {"x":2,"y":1507,"w":416,"h":211},
	"rotated": false,
	"trimmed": true,
	"spriteSourceSize": {"x":101,"y":185,"w":416,"h":211},
	"sourceSize": {"w":580,"h":580}
},
{
	"filename": "stars0018",
	"frame": {"x":2,"y":1281,"w":451,"h":224},
	"rotated": false,
	"trimmed": true,
	"spriteSourceSize": {"x":90,"y":178,"w":451,"h":224},
	"sourceSize": {"w":580,"h":580}
},
{
	"filename": "stars0019",
	"frame": {"x":2,"y":256,"w":477,"h":240},
	"rotated": false,
	"trimmed": true,
	"spriteSourceSize": {"x":81,"y":170,"w":477,"h":240},
	"sourceSize": {"w":580,"h":580}
},
{
	"filename": "stars0020",
	"frame": {"x":1014,"y":2,"w":496,"h":250},
	"rotated": false,
	"trimmed": true,
	"spriteSourceSize": {"x":73,"y":165,"w":496,"h":250},
	"sourceSize": {"w":580,"h":580}
},
{
	"filename": "stars0021",
	"frame": {"x":2,"y":2,"w":505,"h":252},
	"rotated": false,
	"trimmed": true,
	"spriteSourceSize": {"x":67,"y":164,"w":505,"h":252},
	"sourceSize": {"w":580,"h":580}
},
{
	"filename": "stars0022",
	"frame": {"x":509,"y":2,"w":503,"h":248},
	"rotated": false,
	"trimmed": true,
	"spriteSourceSize": {"x":63,"y":166,"w":503,"h":248},
	"sourceSize": {"w":580,"h":580}
},
{
	"filename": "stars0023",
	"frame": {"x":509,"y":252,"w":488,"h":234},
	"rotated": false,
	"trimmed": true,
	"spriteSourceSize": {"x":61,"y":173,"w":488,"h":234},
	"sourceSize": {"w":580,"h":580}
},
{
	"filename": "stars0024",
	"frame": {"x":1466,"y":267,"w":460,"h":211},
	"rotated": false,
	"trimmed": true,
	"spriteSourceSize": {"x":60,"y":185,"w":460,"h":211},
	"sourceSize": {"w":580,"h":580}
},
{
	"filename": "stars0025",
	"frame": {"x":999,"y":474,"w":460,"h":211},
	"rotated": false,
	"trimmed": true,
	"spriteSourceSize": {"x":60,"y":196,"w":460,"h":211},
	"sourceSize": {"w":580,"h":580}
},
{
	"filename": "stars0026",
	"frame": {"x":1004,"y":254,"w":460,"h":218},
	"rotated": false,
	"trimmed": true,
	"spriteSourceSize": {"x":60,"y":200,"w":460,"h":218},
	"sourceSize": {"w":580,"h":580}
},
{
	"filename": "stars0027",
	"frame": {"x":1512,"y":2,"w":460,"h":263},
	"rotated": false,
	"trimmed": true,
	"spriteSourceSize": {"x":60,"y":164,"w":460,"h":263},
	"sourceSize": {"w":580,"h":580}
},
{
	"filename": "stars0028",
	"frame": {"x":463,"y":1275,"w":459,"h":303},
	"rotated": false,
	"trimmed": true,
	"spriteSourceSize": {"x":60,"y":133,"w":459,"h":303},
	"sourceSize": {"w":580,"h":580}
},
{
	"filename": "stars0029",
	"frame": {"x":924,"y":1082,"w":459,"h":335},
	"rotated": false,
	"trimmed": true,
	"spriteSourceSize": {"x":60,"y":108,"w":459,"h":335},
	"sourceSize": {"w":580,"h":580}
},
{
	"filename": "stars0030",
	"frame": {"x":1403,"y":876,"w":459,"h":361},
	"rotated": false,
	"trimmed": true,
	"spriteSourceSize": {"x":60,"y":89,"w":459,"h":361},
	"sourceSize": {"w":580,"h":580}
},
{
	"filename": "stars0031",
	"frame": {"x":2,"y":899,"w":459,"h":380},
	"rotated": false,
	"trimmed": true,
	"spriteSourceSize": {"x":60,"y":75,"w":459,"h":380},
	"sourceSize": {"w":580,"h":580}
},
{
	"filename": "stars0032",
	"frame": {"x":942,"y":687,"w":459,"h":393},
	"rotated": false,
	"trimmed": true,
	"spriteSourceSize": {"x":60,"y":67,"w":459,"h":393},
	"sourceSize": {"w":580,"h":580}
},
{
	"filename": "stars0033",
	"frame": {"x":2,"y":498,"w":459,"h":399},
	"rotated": false,
	"trimmed": true,
	"spriteSourceSize": {"x":60,"y":64,"w":459,"h":399},
	"sourceSize": {"w":580,"h":580}
},
{
	"filename": "stars0034",
	"frame": {"x":481,"y":488,"w":459,"h":400},
	"rotated": false,
	"trimmed": true,
	"spriteSourceSize": {"x":60,"y":66,"w":459,"h":400},
	"sourceSize": {"w":580,"h":580}
},
{
	"filename": "stars0035",
	"frame": {"x":1461,"y":480,"w":459,"h":394},
	"rotated": false,
	"trimmed": true,
	"spriteSourceSize": {"x":60,"y":73,"w":459,"h":394},
	"sourceSize": {"w":580,"h":580}
},
{
	"filename": "stars0036",
	"frame": {"x":463,"y":890,"w":459,"h":383},
	"rotated": false,
	"trimmed": true,
	"spriteSourceSize": {"x":60,"y":85,"w":459,"h":383},
	"sourceSize": {"w":580,"h":580}
}],
"meta": {
	"app": "http://www.codeandweb.com/texturepacker",
	"version": "1.0",
	"image": "stars.png",
	"format": "RGBA8888",
	"size": {"w":2048,"h":2048},
	"scale": "1",
	"smartupdate": "$TexturePacker:SmartUpdate:8fb22205c0d2fe1aec5faf16b594312d:dd778b2a1d49b704ac785704f55d9cf9:35785538339b2ab69d61a4ffdc54ccf7$"
}
}
