{"saved":true,"name":"test","height":10,"width":7,"active":[[" "," "," "," "," "," "," "],[" "," "," "," "," "," "," "],[" "," ","B"," "," "," "," "],[" "," ","b"," "," "," "," "],[" "," "," "," "," "," "," "],[" "," "," "," "," "," "," "],[" "," "," "," "," "," "," "],[" "," "," "," "," "," "," "],[" "," "," "," "," "," "," "],[" "," "," "," "," "," "," "]],"fixed":[["#","#","#","#","n","n","n"],["#","0","+","#","0","0","0"],["+"," "," "," "," "," ","0"],["#","+"," ","#","n"," ","0"],["n","0","#","n","n"," ","0"],["n"," ","#","n","n"," ","0"],["n"," "," ","#","n"," ","0"],["#","#"," ","n","n"," ","0"],["#","g","G","+"," "," ","0"],["#","#","#","#","0","0","0"]],"starLevels":[14,12,11]}