{"saved":true,"name":"test","height":10,"width":8,"active":[[" "," "," "," "," "," "," "," "],[" ","B"," "," "," "," "," "," "],[" "," "," "," "," "," "," "," "],[" "," "," "," "," "," "," "," "],[" "," "," "," "," "," "," "," "],[" "," "," "," "," "," "," "," "],[" "," "," "," "," "," "," "," "],[" "," "," "," "," "," "," "," "],[" "," "," "," ","b"," "," "," "],[" "," "," "," "," "," "," "," "]],"fixed":[["#","#","#","#","#","#","#","#"],["#"," "," "," ","#"," "," ","#"],["#","#"," "," "," "," "," ","#"],["#"," "," ","#"," "," "," ","#"],["#"," "," "," "," ","#"," ","#"],["#"," "," "," "," "," "," ","#"],["#"," ","#","G"," ","#"," ","#"],["#"," "," ","#","#"," "," ","#"],["#","#","g","#"," "," "," ","#"],["n","#","#","#","#","#","#","#"]],"starLevels":[98,99]}