{"saved":true,"name":"test","height":14,"width":10,"active":[[" "," "," "," "," "," "," "," "," "," "],[" "," "," "," "," "," "," "," "," "," "],[" "," "," "," "," "," "," "," "," "," "],[" "," "," "," "," "," "," "," "," "," "],[" "," "," "," "," "," "," "," ","b"," "],[" "," "," "," "," "," "," "," "," "," "],[" "," "," "," "," "," "," "," "," "," "],[" "," "," "," "," "," "," "," "," "," "],[" "," "," "," "," "," "," "," "," "," "],[" "," "," "," "," ","B"," "," "," "," "],[" "," "," "," "," "," "," "," "," "," "],[" "," "," "," "," "," "," "," "," "," "],[" "," "," "," "," "," "," "," "," "," "],[" "," "," "," "," "," "," "," "," "," "]],"fixed":[["#","#","#","#","#","#","#","#","#","#"],["#"," ","#"," "," "," "," "," ","#","#"],["#"," "," "," "," "," ","#"," ","g","#"],["#"," "," ","#"," "," "," ","#","#","#"],["#","#"," "," "," "," "," ","#"," ","#"],["#"," "," "," ","#"," "," "," "," ","#"],["#"," "," "," "," "," "," "," "," ","#"],["#","#","#","#","#","#","#","#","#","#"],["#"," "," "," "," "," "," "," "," ","#"],["#"," ","#"," ","#"," "," "," "," ","#"],["#"," ","#"," ","#","#"," "," "," ","#"],["#"," "," "," "," "," "," "," "," ","#"],["#"," "," "," "," "," ","G","#","#","#"],["#","#","#","#","#","#","#","#","#","#"]],"starLevels":[20,14]}