{"saved":true,"name":"test","height":14,"width":10,"active":[[" "," "," "," "," "," "," "," "," "," "],[" "," ","b"," "," "," "," "," "," "," "],[" "," "," "," "," "," "," "," "," "," "],[" "," "," "," "," "," "," "," "," "," "],[" "," "," "," "," "," "," "," "," "," "],[" "," "," "," "," "," "," "," "," "," "],[" "," "," "," "," "," "," "," "," "," "],[" "," "," "," "," "," "," "," "," "," "],[" "," "," "," "," "," "," "," "," "," "],[" "," "," "," "," "," "," "," "," "," "],[" "," "," "," "," "," "," "," ","B"," "],[" "," "," "," "," "," "," "," "," "," "],[" "," "," "," "," "," "," "," "," "," "],[" "," "," "," "," "," "," "," "," "," "]],"fixed":[["#","#","#","#","#","#","#","#","#","#"],["#","#"," "," ","#"," "," "," ","E","#"],["#"," "," "," ","#"," "," "," ","#","#"],["#","#","E","#","#","E"," "," "," ","#"],["#"," "," ","#"," "," ","#","#","E","#"],["#"," "," "," "," "," "," "," "," ","#"],["#","#"," ","#"," ","#","#","#","E","#"],["#"," ","E","#","#","#","#"," "," ","#"],["#"," ","#","#"," ","#"," "," ","#","#"],["#"," "," "," "," ","#","E","#","#","#"],["#"," "," "," "," ","#"," ","#"," ","#"],["#","E"," "," "," ","E"," "," ","g","#"],["#","#"," "," "," ","#"," "," ","G","#"],["#","#","#","#","#","#","#","#","#","#"]],"starLevels":[35,28]}