{"saved":true,"name":"Aliens!!","height":10,"width":10,"starLevels": [14,9],"tutorial": ["tutorial6","tutorial7"],"active":[[" "," "," "," "," "," "," "," "," "," "],[" "," "," "," "," "," "," "," "," "," "],[" "," "," "," "," "," "," "," "," "," "],[" "," "," "," "," "," "," "," "," "," "],[" "," "," "," "," "," "," "," "," "," "],[" "," "," "," "," "," "," "," "," "," "],[" "," "," "," "," "," "," "," "," "," "],[" "," "," "," "," "," "," "," "," "," "],[" "," "," "," "," ","b","B"," "," "," "],[" "," "," "," "," "," "," "," "," "," "]],"fixed":[["#","#","#","#","#","#","#","#","#","#"],["#"," "," "," "," "," "," "," "," ","#"],["#"," "," "," "," "," "," ","E","E","#"],["#","#","#","#"," "," ","#","g","G","#"],["#"," "," ","E"," "," ","#","#","#","#"],["#"," "," ","#"," "," ","E"," "," ","#"],["#"," "," ","#","#","#","#"," "," ","#"],["#"," "," "," "," "," "," "," "," ","#"],["#"," "," ","#","#"," "," "," "," ","#"],["#","#","#","#","#","#","#","#","#","#"]]}