{"name":"test","width":8,"height":8,"starLevels":[12,7],"active":[[" "," "," "," "," "," "," "," "],[" ","b","B"," "," "," "," "," "],[" "," "," "," "," "," "," "," "],[" "," "," "," "," "," "," "," "],[" "," "," "," "," "," "," "," "],[" "," "," "," "," "," "," "," "],[" "," "," "," "," "," "," "," "],[" "," "," "," "," "," "," "," "]],"fixed":[["#","#","#","#","#","#","#","#"],["#"," "," "," "," ","G","g","#"],["#"," "," "," "," "," "," ","#"],["#"," "," "," "," "," "," ","#"],["#"," "," "," "," "," "," ","#"],["#"," "," "," "," ","#"," ","#"],["#"," "," "," "," "," "," ","#"],["#","#","#","#","#","#","#","#"]],"saved":true}