{	
	"name": "",
	"width": 9,
	"height": 8,
	"starLevels": [90,19,14],
	"active": [
	    [" "," "," "," "," "," "," "," "," "],
	    
	    [" ","b"," "," "," "," "," ","B"," "],
	    	    
	    [" "," "," "," "," "," "," "," "," "],
	    
	    [" "," "," "," "," "," "," "," "," "],
	    
	    [" "," "," "," "," "," "," "," "," "],
	    
	    [" "," "," "," "," "," "," "," "," "],

	    [" "," "," "," "," "," "," "," "," "],
	    
	    [" "," "," "," "," "," "," "," "," "]
	],
	"fixed":[	    
	    ["#","#","#","#","#","#","#","#","#"],
	    
	    ["#"," "," "," ","#"," "," "," ","#"],
	    
	    ["#","#"," "," ","3"," "," "," ","#"],
	    
	    ["#"," "," "," ","#","#","#","#","#"],
	    
	    ["#"," ","1"," "," "," ","7","G","#"],
	    
	    ["#"," "," "," ","5"," ","7","g","#"],
	    
	    ["#"," "," "," "," "," ","7"," ","#"],
	    
	    ["#","#","#","#","#","#","#","#","#"]             
	]
}