{	
	"name": "Gates and Tunnels Level",
	"width": 8,
	"height": 8,
	"starLevels": [90,23,18],
	"active": [
	    [" "," "," "," "," "," "," "," "],
	    
	    [" "," "," "," "," "," "," "," "],
	    
	    [" ","B","b"," "," "," "," "," "],
	    
	    [" "," "," "," "," "," "," "," "],
	    
	    [" "," "," "," "," "," "," "," "],
	    
	    [" "," "," "," "," "," "," "," "],
	    
	    [" "," "," "," "," "," "," "," "],

	    [" "," "," "," "," "," "," "," "]
	    
	],
	"fixed":[
	    ["#","#","#","#","#","#","#","#"],
	    
	    ["#"," "," ","0"," "," "," ","#"],
	    
	    ["#"," "," ","3","1"," "," ","#"],
	    
	    ["#","#","#","#","E","5","#","#"],
	    
	    ["#"," "," ","9","7","#","G","#"],
	    
	    ["#"," ","13","#","#","#","g","#"],
	    
	    ["#"," ","11","15"," "," "," ","#"],
	    
	    ["#","#","#","#","#","#","#","#"]
	]
}