{
"name": "Exported Level",
"width": 8,
"height": 8,
"starLevels": [90,13,8],
"active": [
[" "," "," "," "," "," "," "," "],
[" "," "," "," "," "," ","b"," "],
[" "," "," "," "," "," "," "," "],
[" "," "," "," "," "," "," "," "],
[" "," "," "," "," "," "," "," "],
[" "," "," ","B"," "," "," "," "],
[" "," "," "," "," "," "," "," "],
[" "," "," "," "," "," "," "," "]
],

"fixed": [
["#","#","#","#","#","#","#","#"],
["#","0"," "," "," "," "," ","#"],
["#"," "," "," ","0"," "," ","#"],
["#"," ","0"," ","G","0"," ","#"],
["#"," "," ","0"," "," "," ","#"],
["#","0","#"," "," "," "," ","#"],
["#","g","#"," "," "," "," ","#"],
["#","#","#","#","#","#","#","#"]
]


}