{"saved":true,"name":"test","height":9,"width":9,"active":[[" "," "," "," "," "," "," "," "," "],[" ","b"," "," "," "," "," "," "," "],[" "," "," "," "," "," "," "," "," "],[" ","$"," "," "," "," "," "," "," "],[" "," "," "," "," "," "," "," "," "],[" "," "," ","@"," "," "," "," "," "],[" "," "," "," "," "," "," "," "," "],[" "," ","B"," "," "," "," "," "," "],[" "," "," "," "," "," "," "," "," "]],"fixed":[["#","#","#","#","#","#","#","#","#"],["#"," "," ","#"," "," "," "," ","#"],["#","#"," ","#"," "," ","#","1","#"],["#"," "," "," "," "," "," ","#","#"],["#"," ","#","#","#","#"," ","#","n"],["#"," "," "," "," "," "," ","#","n"],["#","#","#","3","3","#","#","#","n"],["n","#"," ","G","g","#","n","n","n"],["n","#","#","#","#","#","n","n","n"]],"starLevels":[60,45]}