{"saved":true,"name":"test","height":14,"width":10,"active":[[" "," "," "," "," "," "," "," "," "," "],[" "," "," "," ","b","B"," "," "," "," "],[" "," "," "," "," "," "," "," "," "," "],[" "," "," "," "," "," "," "," "," "," "],[" "," "," "," "," "," "," "," "," "," "],[" "," "," "," "," "," "," "," "," "," "],[" "," "," "," "," "," "," "," "," "," "],[" "," "," "," "," "," "," "," "," "," "],[" "," "," "," "," "," "," "," "," "," "],[" "," "," "," "," "," "," "," "," "," "],[" "," "," "," "," "," "," "," "," "," "],[" "," "," "," "," "," "," "," "," "," "],[" "," "," "," "," "," "," "," "," "," "],[" "," "," "," "," "," "," "," "," "," "]],"fixed":[[" "," "," "," ","#","#"," "," "," "," "],[" "," "," ","#"," "," ","#"," "," "," "],[" ","#"," "," "," "," ","#"," "," "," "],[" "," "," "," ","#","#"," "," "," ","#"],[" "," "," "," "," "," "," "," "," ","#"],[" "," "," "," "," "," "," ","#"," "," "],[" "," ","#"," "," "," "," ","#"," "," "],[" ","#"," ","#"," "," "," "," "," "," "],[" "," ","#"," "," "," "," "," "," "," "],["#"," "," "," "," "," "," "," ","#"," "],[" "," "," ","#","#"," "," "," "," "," "],[" "," "," "," "," "," "," "," ","G","#"],[" ","#"," "," "," "," "," "," ","g","#"],[" "," ","#"," "," "," "," "," "," "," "]],"starLevels": [90,18,12]}