{"name":"test","width":6,"height":8,"starLevels":[10,5],"tutorial":["tutorial4","tutorial5"],"active":[[" "," "," "," "," "," "],[" "," "," ","b","B"," "],[" "," "," "," "," "," "],[" "," "," "," "," "," "],[" "," "," "," "," "," "],[" "," "," "," "," "," "],[" "," "," "," "," "," "],[" "," "," "," "," "," "]],"fixed":[[" "," "," ","#","#","#"],[" "," "," "," "," ","#"],["#"," "," "," "," "," "],["#"," "," ","#","#"," "],[" "," "," ","g","G"," "],[" "," "," "," "," ","#"],[" "," "," "," "," ","#"],[" ","#","#"," "," "," "]],"saved":true}