{"saved":true,"name":"test","height":11,"width":10,"active":[[" "," "," "," "," "," "," "," "," "," "],[" "," "," "," "," "," "," "," "," "," "],[" "," "," "," "," "," "," "," ","B"," "],[" "," "," "," "," "," "," "," "," "," "],[" "," "," "," "," "," "," "," "," "," "],[" "," "," ","b"," "," "," "," "," "," "],[" "," "," "," "," "," "," "," "," "," "],[" "," "," "," "," "," "," "," "," "," "],[" "," "," "," "," "," "," "," "," "," "],[" "," "," "," "," "," "," "," "," "," "],[" "," "," "," "," "," "," "," "," "," "]],"fixed":[[" "," ","#","#","#"," "," ","#","#"," "],[" "," "," ","#"," "," "," "," "," "," "],[" ","#"," "," "," "," "," "," "," ","#"],["#"," "," "," "," "," "," "," ","#","#"],["#"," ","#"," "," "," "," "," "," "," "],["#"," "," "," "," "," "," "," "," "," "],[" "," "," "," "," "," "," "," "," ","#"],[" "," "," "," "," ","g","#"," "," ","#"],["#"," "," ","#"," "," "," "," "," "," "],["#"," "," "," "," "," "," "," ","G","#"],["#","#","#"," ","#","#"," ","#","#","#"]],"starLevels":[12,7]}