{"name":"Pegs","width":6,"height":8,"starLevels": [16,11],"active":[[" "," "," "," "," "," "],[" "," "," "," "," "," "],[" "," "," "," "," "," "],[" "," "," "," "," "," "],[" ","B"," "," "," "," "],[" "," "," "," "," "," "],[" "," "," "," ","b"," "],[" "," "," "," "," "," "]],"fixed":[["#","#","#","#","#","#"],["#"," "," "," "," ","#"],["#"," "," ","#"," ","#"],["#"," "," ","G","0","#"],["#"," ","#"," ","0","#"],["#","#","#","#"," ","#"],["#","g"," "," "," ","#"],["#","#","#","#","#","#"]],"saved":true}