{"saved":true,"name":"test","height":10,"width":9,"active":[[" "," "," "," "," "," "," "," "," "],[" "," "," ","b"," "," "," "," "," "],[" "," "," "," "," "," "," "," "," "],[" "," "," "," "," "," "," "," "," "],[" "," "," "," "," "," "," "," "," "],[" "," "," "," "," "," "," "," "," "],[" "," "," "," "," "," "," "," "," "],[" "," "," "," "," "," "," ","B"," "],[" "," "," "," "," "," "," "," "," "],[" "," "," "," "," "," "," "," "," "]],"fixed":[["#","#","#","#","#","#","#","#","#"],["#","#"," "," ","#"," "," "," ","#"],["#"," "," "," ","#"," "," ","#","#"],["#","#","E","#","#","E"," "," ","#"],["#"," "," ","#"," "," ","#","E","#"],["#"," "," ","E"," "," ","E"," ","#"],["#","#","E","#","E","#","#","E","#"],["#"," "," "," "," ","#","g"," ","#"],["#"," ","E"," ","E","#","G","#","#"],["#","#","#","#","#","#","#","#","#"]],"starLevels":[35,28]}