{"saved":true,"name":"Zig-Zag","height":9,"width":6,"starLevels":[90,15,10],"active":[[" "," "," "," "," "," "],[" ","b"," "," "," "," "],[" "," "," "," "," "," "],[" "," "," "," "," "," "],[" "," "," "," "," "," "],[" "," "," "," "," "," "],[" "," "," "," "," "," "],[" ","B"," "," "," "," "],[" "," "," "," "," "," "]],"fixed":[["#","#","#","#","#","#"],["#"," "," "," ","G","#"],["#","#"," "," ","g","#"],["#"," "," "," "," ","#"],["#"," "," "," ","#","#"],["#"," "," "," "," ","#"],["#","#"," "," "," ","#"],["#"," "," "," "," ","#"],["#","#","#","#","#","#"]]}