{"saved":true,"name":"Zig-Zag","height":10,"width":6,"starLevels": [15,10],"active":[[" "," "," "," "," "," "],[" ","b"," "," "," "," "],[" "," "," "," "," "," "],[" "," "," "," "," "," "],[" "," "," "," "," "," "],[" "," "," "," "," "," "],[" "," "," "," "," "," "],[" "," "," "," "," "," "],[" ","B"," "," "," "," "],[" "," "," "," "," "," "]],"fixed":[["#","#","#","#","#","#"],["#"," "," "," ","G","#"],["#","#"," "," ","g","#"],["#"," "," "," "," ","#"],["#"," "," "," ","#","#"],["#"," "," "," ","#","#"],["#"," "," "," "," ","#"],["#","#"," "," "," ","#"],["#"," "," "," "," ","#"],["#","#","#","#","#","#"]]}