{"name":"test","width":7,"height":9,"starLevels": [90,13,8],"active":[[" "," "," "," "," "," "," "],[" ","b"," "," "," "," "," "],[" "," "," "," "," "," "," "],[" "," "," "," "," "," "," "],[" "," "," "," "," "," "," "],[" "," "," "," "," "," "," "],[" "," "," "," "," "," "," "],[" ","B"," "," "," "," "," "],[" "," "," "," "," "," "," "]],"fixed":[["#","#","#","#","#","#","#"],["#"," "," ","#","g"," ","#"],["#"," ","#","#","#"," ","#"],["#"," "," "," "," "," ","#"],["#","#","#","#","#","#","#"],["#"," "," "," ","#","G","#"],["#"," ","#"," ","#"," ","#"],["#"," ","#"," "," "," ","#"],["#","#","#","#","#","#","#"]],"saved":true}