{"name":"G","width":6,"height":8,"starLevels": [90,15,10],"active":[[" "," "," "," "," "," "],[" "," "," "," ","b"," "],[" "," "," "," ","B"," "],[" "," "," "," "," "," "],[" "," "," "," "," "," "],[" "," "," "," "," "," "],[" "," "," "," "," "," "],[" "," "," "," "," "," "]],"fixed":[["#","#","#","#","#","#"],["#"," "," "," "," ","#"],["#"," "," "," "," ","#"],["#"," ","#","#","#","#"],["#"," ","#","G","g","#"],["#"," ","#","#"," ","#"],["#"," "," "," "," ","#"],["#","#","#","#","#","#"]],"saved":true}