{"saved":true,"name":"test","height":8,"width":8,"active":[[" "," "," "," "," "," "," "," "],[" ","B","b"," "," "," "," "," "],[" "," "," "," "," "," "," "," "],[" "," "," "," "," "," "," "," "],[" "," "," "," "," "," "," "," "],[" "," "," "," "," "," "," "," "],[" "," "," "," "," "," "," "," "],[" "," "," "," "," "," "," "," "]],"fixed":[["#","#","#","#","#","#","#","#"],["#"," "," ","#","1"," "," ","#"],["#"," "," ","17"," "," "," ","#"],["#","#","#","#","E","9","#","#"],["#"," "," ","18","19","#","G","#"],["#"," ","13","#","#","#","g","#"],["#"," ","5","20"," "," "," ","#"],["#","#","#","#","#","#","#","#"]],"starLevels": [90,50,41]}