{"saved":true,"name":"test","height":11,"width":10,"active":[[" "," "," "," "," "," "," "," "," "," "],[" ","b"," "," "," "," "," "," ","B"," "],[" "," "," "," "," "," "," "," "," "," "],[" "," "," "," "," "," "," "," "," "," "],[" "," "," "," "," "," "," "," "," "," "],[" "," "," "," "," "," "," "," "," "," "],[" "," "," "," "," "," "," "," "," "," "],[" "," "," "," "," "," "," "," "," "," "],[" "," "," "," "," "," "," "," "," "," "],[" "," "," "," "," "," "," "," "," "," "],[" "," "," "," "," "," "," "," "," "," "]],"fixed":[["#","#","#","#","#","#","#","#","#","#"],["#"," "," "," "," ","#"," ","17"," ","#"],["#"," ","#","#"," "," "," ","17","17","#"],["#"," ","#"," "," "," "," "," "," ","#"],["#"," "," "," ","#","18","#"," "," ","#"],["#","#"," "," ","18","G","18"," "," ","#"],["#"," "," "," ","#","18","#"," ","#","#"],["#"," ","1"," "," "," "," "," "," ","#"],["#"," "," "," ","5"," "," "," "," ","#"],["#"," "," "," "," ","g"," "," "," ","#"],["#","#","#","#","#","#","#","#","#","#"]],"starLevels": [90,28,22]}