{"saved":true,"name":"test","height":14,"width":10,"active":[[" "," "," "," "," "," "," "," "," "," "],[" "," "," "," "," "," "," "," "," "," "],[" "," "," "," "," "," "," "," "," "," "],[" "," "," "," "," "," "," "," "," "," "],[" "," "," "," "," "," "," "," "," "," "],[" "," "," "," "," "," "," "," "," "," "],[" "," "," "," "," "," "," "," "," "," "],[" "," "," "," "," "," "," "," "," "," "],[" "," "," "," "," "," "," "," "," "," "],[" "," "," "," "," "," "," "," "," "," "],[" "," "," "," "," "," "," "," "," "," "],[" "," "," "," "," "," "," "," "," "," "],[" "," "," "," ","b","B"," "," "," "," "],[" "," "," "," "," "," "," "," "," "," "]],"fixed":[["#","#","#","#","#","#","#","#","#","#"],["#","#","g","#","#"," ","#","G"," ","#"],["#","E"," ","9","13","E"," ","19","19","#"],["#"," ","E"," "," "," "," "," "," ","#"],["#","#","18","18","20","20","20","#","20","#"],["19"," "," "," "," "," "," "," "," ","#"],["19"," "," "," "," ","#"," "," "," ","19"],["#"," "," "," "," "," "," "," "," ","#"],["#"," "," "," ","#"," "," ","5"," ","#"],["#"," "," ","#"," "," "," "," "," ","#"],["#"," "," "," "," "," "," "," "," ","19"],["#"," "," "," ","19","19"," "," ","E","19"],["#","E","18","E"," "," ","18"," "," ","#"],["#","#","#","#","19","19","#","#","#","#"]],"starLevels":[75,59]}