{"saved":true,"name":"test","height":8,"width":7,"active":[[" "," "," "," "," "," "," "],[" "," "," "," ","b"," "," "],[" "," "," "," "," "," "," "],[" "," "," "," "," "," "," "],[" ","B"," "," "," "," "," "],[" "," "," "," "," "," "," "],[" "," "," "," "," "," "," "],[" "," "," "," "," "," "," "]],"fixed":[["n","#","#","#","#","#","#"],["n","#","5","+"," "," ","#"],["n","#","#","#","#"," ","#"],["#","#"," ","#"," "," ","#"],["#"," "," "," "," "," ","#"],["#","#","7","#","#","7","#"],["#"," "," ","+","g","G","#"],["#","#","#","#","#","#","#"]],"starLevels":[98,99]}