{	
	"name": "Swip Swap",
	"width": 8,
	"height": 6,
    "starLevels": [14,9],
	"active": [
	    [" "," "," "," "," "," "," "," "],
	    
	    [" ","b"," "," ","B"," "," "," "],
	    	    
	    [" "," "," "," "," "," "," "," "],
	    
	    [" "," "," "," "," "," "," "," "],
	    
	    [" "," "," "," "," "," "," "," "],
	    
	    [" "," "," "," "," "," "," "," "]
	],
	"fixed":[
	    ["#","#","#","#","#","#","#","#"],
    
	    ["#"," ","G","#"," "," ","g","#"],
        
	    ["#"," "," ","#","#"," "," ","#"],
    
	    ["#"," "," "," "," "," "," ","#"],
    
	    ["#","#"," "," "," "," ","#","#"],    
    
	    ["#","#","#","#","#","#","#","#"]
	]
}