{"saved":true,"name":"test","height":16,"width":8,"active":[[" "," "," "," "," "," "," "," "],[" ","B"," "," "," "," "," "," "],[" "," "," "," "," "," "," "," "],[" "," "," "," "," "," "," "," "],[" "," "," "," "," "," "," "," "],[" "," "," "," "," "," "," "," "],[" "," "," "," "," "," "," "," "],[" "," "," "," "," "," "," "," "],[" "," "," "," "," "," "," "," "],[" "," "," "," "," "," "," "," "],[" "," "," "," "," "," "," "," "],[" "," "," "," "," "," "," "," "],[" "," "," "," "," "," "," "," "],[" "," "," "," "," "," "," "," "],[" ","b"," "," "," "," "," "," "],[" "," "," "," "," "," "," "," "]],"fixed":[["#","#","#","#"," "," "," "," "],["#"," "," ","#"," "," "," "," "],[" "," "," "," "," "," "," ","#"],[" ","#","#"," ","#","#"," ","#"],["#","#"," "," "," "," "," ","#"],[" "," "," ","#","#"," "," "," "],["#","#","g"," ","#"," "," "," "],[" ","#","#"," "," "," ","#","#"],[" ","#","#"," "," "," ","#","#"],["#","#","G"," ","#"," "," "," "],[" "," "," ","#","#"," "," "," "],["#","#"," "," "," "," "," ","#"],[" ","#","#"," ","#","#"," ","#"],[" "," "," "," "," "," "," ","#"],["#"," "," ","#"," "," "," "," "],["#","#","#","#"," "," "," "," "]],"starLevels":[24,18]}