{"saved":true,"name":"test","height":12,"width":6,"active":[[" "," "," "," "," "," "],[" "," ","B","b"," "," "],[" "," "," "," "," "," "],[" "," "," "," "," "," "],[" "," "," "," "," "," "],[" "," "," "," "," "," "],[" "," "," "," "," "," "],[" "," "," "," "," "," "],[" "," "," "," "," "," "],[" "," "," "," "," "," "],[" "," "," "," "," "," "],[" "," "," "," "," "," "]],"fixed":[["#","#","#","#","#","#"],["#"," "," "," ","E","#"],["#"," ","#"," "," ","#"],["#"," "," "," "," ","#"],["#","#"," ","E"," ","#"],["#","#"," ","#"," ","#"],["#"," "," "," "," ","#"],["#"," "," ","#","#","#"],["#"," "," "," "," ","#"],["#","#","#"," "," ","#"],["#","G","g","E"," ","#"],["#","#","#","#","#","#"]],"starLevels": [90,40,31]}