{"saved":true,"name":"test","height":9,"width":7,"active":[[" "," "," "," "," "," "," "],[" "," "," "," "," "," "," "],[" "," "," "," "," "," "," "],[" "," "," "," "," "," "," "],[" "," "," "," "," "," "," "],[" "," "," "," "," "," "," "],[" "," "," "," "," ","b"," "],[" "," "," "," "," ","B"," "],[" "," "," "," "," "," "," "]],"fixed":[["#","#","#","#","#","#","#"],["#"," "," ","#","G","#","#"],["#"," "," ","#"," ","#","#"],["#"," "," "," "," ","#","#"],["#"," "," "," "," ","#","#"],["X","+","+","+","+","X","#"],["#"," "," "," "," "," ","#"],["#"," ","#"," "," "," ","#"],["#","#","#","#","X","#","#"]],"starLevels": [14,9]}