{	
	"name": "Enemy Level 1",
	"width": 8,
	"height": 6,
	"starLevels": [90,14,9],
	"active": [
	    
	    [" "," "," "," "," "," "," "," "],
	    
	    [" "," "," "," "," "," "," "," "],
	    
	    [" "," "," "," "," "," "," "," "],
	    
	    [" ","b"," "," "," "," "," "," "],

	    [" ","B"," "," "," "," "," "," "],

	    [" "," "," "," "," "," "," "," "]
	],
	"fixed": [

	    ["#","#","#","#","#","#","#","#"],

	    ["#","#","#","G","g"," "," ","#"],

	    ["#"," ","#","#"," "," "," ","#"],

	    ["#"," "," ","E"," "," "," ","#"],        

	    ["#"," "," ","#"," "," "," ","#"],

	    ["#","#","#","#","#","#","#","#"]
	]
}