{	
	"name": "Open Level",
	"width": 10,
	"height":14,
	"starLevels": [90,21,16],
	"active": [
	    [" "," "," "," "," "," "," "," "," "," "],
	    
	    [" "," "," "," "," "," "," "," "," "," "],

	    [" "," "," "," "," "," "," "," "," "," "],
	
	    [" "," "," "," "," "," "," "," "," "," "],

	    [" "," "," "," "," "," "," "," "," "," "],

	    [" "," "," "," "," "," "," "," "," "," "],

	    [" "," "," "," "," "," "," "," "," "," "],

	    [" "," "," "," "," "," "," "," "," "," "],

	    [" "," "," "," "," "," "," "," "," "," "],

	    [" "," "," "," "," "," "," "," "," "," "],

	    [" "," "," "," "," "," "," "," "," "," "],

	    [" "," "," "," ","B","b"," "," "," "," "],

	    [" "," "," "," "," "," "," "," "," "," "],

	    [" "," "," "," "," "," "," "," "," "," "]
		
	],
	"fixed":[
		[".",".",".",".",".",".",".",".",".","."],

		["."," ","#","#","#","#","#"," "," ","."],

		["."," "," "," "," "," ","#"," "," ","."],

		["."," "," "," "," "," "," "," "," ","."],

		["."," "," "," "," "," "," "," "," ","."],

		[".","#"," "," "," "," ","#","#","#","."],

		[".","#"," "," "," "," "," "," "," ","."],

		[".","#"," "," ","G","g"," "," "," ","."],

		[".","#"," "," ","#","#"," "," ","#","."],

		["."," "," "," "," "," "," "," ","#","."],

		["."," "," "," "," "," "," "," ","#","."],

		["."," ","#","#"," "," ","#"," "," ","."],

		["."," "," "," ","#","#"," "," "," ","."],

		[".",".",".",".",".",".",".",".",".","."] 
	]
}