{	
	"name": "Open Level",
	"width": 10,
	"height":8,
	"tutorial": [
		"tutorial4",
        "tutorial5"
	],
	"active": [
	    [" "," "," "," "," "," "," "," "," "," "],
	    
	    [" "," "," "," "," "," "," "," "," "," "],

	    [" "," "," "," "," "," "," "," "," "," "],
	
	    [" ","B"," "," "," "," "," "," "," "," "],

	    [" ","b"," "," "," "," "," "," "," "," "],

	    [" "," "," "," "," "," "," "," "," "," "],

	    [" "," "," "," "," "," "," "," "," "," "],

	    [" "," "," "," "," "," "," "," "," "," "]
	],
	"fixed": [
		[".",".",".",".","#","#","#","#",".","."],

		[".","#"," "," "," "," "," "," "," ","#"],

		["#","#"," "," "," "," "," "," "," ","#"],

		["#"," "," "," ","#","G"," "," "," ","#"], 
		
		["#"," "," "," ","#","g"," "," "," ","#"],

		["#","#"," "," "," "," "," ","#","#","#"],

		["."," "," "," "," "," "," ","#"," ","."],

		[".",".","#","#","#",".",".","#",".","."]
	]}
	
	