{	
	"name": "Split Level",
	"width": 9,
	"height": 7,
	"starLevels": [13,8],
	"active": [
	    [" "," "," "," "," "," "," "," "," "],
	    
	    [" ","B"," "," "," "," "," ","b"," "],
	    
	    [" "," "," "," "," "," "," "," "," "],
	    
	    [" "," "," "," "," "," "," "," "," "],
	    
	    [" "," "," "," "," "," "," "," "," "],
	    
	    [" "," "," "," "," "," "," "," "," "],
	    
	    [" "," "," "," "," "," "," "," "," "]
	],
	"fixed":[
	    ["#","#","#","#","#","#","#","#","#"],
	    
	    ["#"," "," "," ","#"," "," "," ","#"],
	    
	    ["#","#","#"," ","#"," ","#"," ","#"],
	    
	    ["#"," "," "," ","#"," ","#","#","#"],
	    
	    ["#"," ","#","#","#"," ","#","g","#"],
	    
	    ["#"," "," ","G","#"," "," "," ","#"],
	    
	    ["#","#","#","#","#","#","#","#","#"]
	]
}