{	
	"name": "Start Level 0",
	"width": 8,
	"height": 6,
	"tutorial": [
		"tutorial1",
        "tutorial2",
        "tutorial3"
	],
	"active": [
	    [" "," "," "," "," "," "," "," "],
	    
	    [" ","b","B"," "," "," "," "," "],
	    
	    [" "," "," "," "," "," "," "," "],
	    	    
	    [" "," "," "," "," "," "," "," "],
	    
	    [" "," "," "," "," "," "," "," "],
	    
	    [" "," "," "," "," "," "," "," "]
	],
	"fixed":[
	    ["#","#","#","#","#","#","#","#"],
	    
	    ["#"," "," "," "," "," "," ","#"],
	    	    
	    ["#","#","#","#","#"," "," ","#"],
	    
	    ["#","#","#","#","#"," "," ","#"],
	    
	    ["#","g","G"," "," "," "," ","#"],
	     
	    ["#","#","#","#","#","#","#","#"]
	]
}