{	
	"name": "Start Level 2",
	"width": 8,
	"height": 6,
	"active": [
	    [" "," "," "," "," "," "," "," "],
	    
	    [" ","B"," "," "," "," "," "," "],
	    
	    [" "," "," "," "," "," "," "," "],
	    	    
	    [" ","b"," "," "," "," "," "," "],
	    
	    [" "," "," "," "," "," "," "," "],
	    
	    [" "," "," "," "," "," "," "," "]
	],
	"fixed":[
	    ["#","#","#","#","#","#","#","#"],
	    
	    ["#"," "," "," "," "," "," ","#"],
	    	    
	    ["#","#","#","#","#","#"," ","#"],
	    
	    ["#"," "," "," "," ","#"," ","#"],
	    
	    ["#","#","#","g"," ","#","G","#"],
	     
	    ["#","#","#","#","#","#","#","#"]
	]
}