{	
	"name": "Start Level 5",
	"width": 9,
	"height": 6,
	"starLevels": [90,11,6],
	"tutorial": [
		"tutorial1",
        "tutorial2",
        "tutorial3"
	],
	"active": [
	    [" "," "," "," "," "," "," "," "," "],
	    
	    [" ","b","B"," "," "," "," "," "," "],
	    
	    [" "," "," "," "," "," "," "," "," "],
	    	    
	    [" "," "," "," "," "," "," "," "," "],
	    
	    [" "," "," "," "," "," "," "," "," "],
	    	    
	    [" "," "," "," "," "," "," "," "," "]
	],
	"fixed":[
	    ["#","#","#","#","#","#","#","#","#"],
	    
	    ["#"," "," ","#"," "," "," "," ","#"],
	    	    
	    ["#"," "," "," "," "," "," "," ","#"],
	    
	    ["#","#","#"," "," "," ","#","#","#"],
	    
	    ["#","g","G"," "," "," ","#"," "," "],
	    
	    ["#","#","#","#","#","#","#"," "," "]
	]
}