{"saved":true,"name":"test","height":16,"width":6,"active":[[" "," "," "," "," "," "],[" "," ","B","b"," "," "],[" "," "," "," "," "," "],[" "," "," "," "," "," "],[" "," "," "," "," "," "],[" "," "," "," "," "," "],[" "," "," "," "," "," "],[" "," "," "," "," "," "],[" "," "," "," "," "," "],[" "," "," "," "," "," "],[" "," "," "," "," "," "],[" "," "," "," "," "," "],[" "," "," "," "," "," "],[" "," "," "," "," "," "],[" "," "," "," "," "," "],[" "," "," "," "," "," "]],"fixed":[["#","#","#","#","#","#"],["#"," "," "," ","E","#"],["#"," ","#"," "," ","#"],["#"," "," "," "," ","#"],["#","#"," ","E"," ","#"],["#"," "," ","#"," ","#"],["#","#"," ","#"," ","#"],["#"," "," "," "," ","#"],["#"," "," "," ","#","#"],["#"," "," "," "," ","#"],["#","#","#"," "," ","#"],["#"," ","E"," "," ","#"],["#"," "," ","#","#","#"],["#"," "," "," "," ","#"],["#","#","#","G","g","#"],["#","#","#","#","#","#"]],"starLevels": [90,40,31]}