{"saved":true,"height":9,"width":7,"active":[[" "," "," "," "," "," "," "],[" "," "," ","B"," "," "," "],[" "," "," ","b"," "," "," "],[" "," "," "," "," "," "," "],[" "," "," "," "," "," "," "],[" "," "," "," "," "," "," "],[" "," "," "," "," "," "," "],[" "," "," "," "," "," "," "],[" "," "," "," "," "," "," "]],"fixed":[["#","#","#","#","#","n","n"],["#"," "," "," ","#","n","n"],["#"," "," "," ","#","#","#"],["#"," ","#","E"," ","G","#"],["#"," ","#"," "," ","g","#"],["#"," ","#","#","E","#","#"],["#"," ","E"," "," ","#","n"],["#"," "," "," "," ","#","n"],["#","#","#","#","#","#","n"]],"starLevels":[6,5],"name":"test"}