{"saved":true,"height":8,"width":6,"active":[[" "," "," "," "," "," "],[" "," "," ","b"," "," "],[" "," "," ","B"," "," "],[" "," "," "," "," "," "],[" "," "," "," "," "," "],[" "," "," "," "," "," "],[" "," "," "," "," "," "],[" "," "," "," "," "," "]],"fixed":[["#","#","#","#","#","#"],["#","G","E"," "," ","#"],["#","g"," "," ","#","#"],["#","#","#"," ","#","n"],["#","#"," "," ","#","n"],["#"," "," "," ","#","n"],["#","#"," "," ","#","n"],["n","#","#","#","#","n"]],"starLevels":[9,6],"name":"test"}