{"saved":true,"height":9,"width":7,"active":[[" "," "," "," "," "," "," "],[" "," ","m"," "," "," "," "],[" "," "," "," "," "," "," "],[" "," "," "," "," "," "," "],[" "," ","m"," "," "," "," "],[" "," "," "," "," ","b"," "],[" "," "," "," "," "," "," "],[" "," "," "," "," ","B"," "],[" "," "," "," "," "," "," "]],"fixed":[["#","#","#","#","#","#","n"],["#","9"," ","g","G","#","#"],["#","#"," ","#"," ","15","#"],["#"," "," "," "," ","15","#"],["#"," "," "," ","#"," ","#"],["#","13","#"," "," "," ","#"],["#","11","11"," ","11","11","#"],["0"," "," "," "," "," ","0"],["#","#","#","#","#","#","#"]],"starLevels":[35,29],"name":"test"}