{"starLevels": [21,15],"saved":true,"name":"test","height":8,"width":8,"active":[[" "," "," "," "," "," "," "," "],[" "," "," "," "," "," "," "," "],[" "," "," "," "," "," "," "," "],[" "," "," "," "," "," "," "," "],[" "," "," "," "," "," "," "," "],[" "," "," "," "," "," "," "," "],[" ","B"," ","b"," "," "," "," "],[" "," "," "," "," "," "," "," "]],"fixed":[["#","#","#","#","#","#","#","#"],["#","G"," "," "," ","#","g","#"],["#"," "," "," "," ","#","E","#"],["#","#"," "," "," "," "," ","#"],["#"," "," "," ","#"," "," ","#"],["#"," "," "," "," "," "," ","#"],["#"," ","#"," ","#"," "," ","#"],["#","#","#","#","#","#","#","#"]]}