{"saved":true,"name":"test","height":7,"width":7,"active":[[" "," "," "," "," "," "," "],[" "," "," "," "," "," "," "],[" "," "," "," "," ","@"," "],[" "," "," "," "," "," "," "],[" ","b"," "," "," "," "," "],[" ","B"," "," "," "," "," "],[" "," "," "," "," "," "," "]],"fixed":[["#","#","#","#","#","#","#"],["#","g","#"," ","#","G","#"],["#"," "," "," "," "," ","#"],["#","#"," ","#"," ","#","#"],["#"," "," "," "," "," ","#"],["#"," ","#"," ","#"," ","#"],["#","#","#","#","#","#","#"]],"starLevels": [20,14]}