{"saved":true,"height":12,"width":10,"active":[[" "," "," "," "," "," "," "," "," "," "],[" "," ","b"," "," "," "," "," "," "," "],[" "," "," "," "," "," "," "," "," "," "],[" "," "," "," "," "," "," "," "," "," "],[" "," "," "," "," "," "," "," "," "," "],[" "," "," "," "," "," "," "," "," "," "],[" "," "," "," "," "," "," "," "," "," "],[" "," "," "," "," "," "," "," "," "," "],[" "," "," "," "," "," "," "," "," "," "],[" "," "," "," "," "," "," "," "," "," "],[" ","B"," "," "," "," "," "," "," "," "],[" "," "," "," "," "," "," "," "," "," "]],"fixed":[["n","n","n","n","n","n","n","#","n","n"],["n"," "," ","#"," "," "," "," "," ","n"],["n"," "," ","g"," "," "," "," ","#","n"],["#","5"," "," "," "," ","#"," "," ","n"],["n"," "," "," ","#"," ","G"," "," ","n"],["n"," "," "," "," "," "," ","#"," ","n"],["n"," "," "," "," ","#"," "," "," ","#"],["n"," ","#"," "," "," "," "," "," ","n"],["n"," "," "," "," "," ","#"," "," ","n"],["7","7","7","#"," "," "," "," "," ","n"],["#"," ","7"," "," "," "," "," ","#","n"],["#","#","7","n","n","#","n","#","n","n"]],"starLevels":[35,28],"name":"test"}