{"saved":true,"height":8,"width":6,"active":[[" "," "," "," "," "," "],[" "," ","B"," "," "," "],[" "," ","b"," "," "," "],[" "," "," "," "," "," "],[" "," "," "," "," "," "],[" "," "," "," "," "," "],[" "," "," "," "," "," "],[" "," "," "," "," "," "]],"fixed":[["n","#","#","#","#","n"],["#","#"," ","11","#","n"],["#","9"," ","11","#","#"],["#","11","11","11","13","#"],["#","15","15","15","15","#"],["#","5","7","7","7","#"],["#","7","7","g","G","#"],["#","#","#","#","#","#"]],"starLevels":[11,8],"name":"test"}