{"saved":true,"name":"test","height":15,"width":7,"active":[[" "," "," "," "," "," "," "],[" ","B"," "," "," "," "," "],[" "," "," "," "," "," "," "],[" "," "," "," "," "," "," "],[" "," "," "," "," "," "," "],[" "," "," "," "," "," "," "],[" "," "," "," "," "," "," "],[" "," "," "," "," "," "," "],[" "," "," "," "," "," "," "],[" "," "," "," "," "," "," "],[" "," "," "," "," "," "," "],[" "," "," "," "," "," "," "],[" "," "," "," "," "," "," "],[" ","b"," "," "," "," "," "],[" "," "," "," "," "," "," "]],"fixed":[["#","#","#","n","n","n","n"],["#"," ","#","n","n","n","n"],["n"," "," "," "," "," ","#"],["#","#"," ","#","#"," ","#"],["#"," "," "," "," "," ","#"],["n"," ","#","#"," "," ","n"],["#","g"," ","#"," "," ","n"],["#","#"," "," "," ","#","#"],["#","G"," ","#"," "," ","n"],["n"," ","#","#"," "," ","n"],["#"," "," "," "," "," ","#"],["#","#"," ","#","#"," ","#"],["n"," "," "," "," "," ","#"],["#"," ","#","n","n","n","n"],["#","#","#","n","n","n","n"]],"starLevels":[24,18]}