{"saved":true,"height":8,"width":8,"active":[[" "," "," "," "," "," "," "," "],[" "," "," "," "," "," "," "," "],[" "," "," "," "," "," "," "," "],[" "," ","b"," "," "," "," "," "],[" "," ","B"," "," "," "," "," "],[" "," "," "," "," "," "," "," "],[" "," "," "," "," "," "," "," "],[" "," "," "," "," "," "," "," "]],"fixed":[["7","7","7","7","3","3","n","n"],["7"," "," "," ","1","3","n","n"],["7","5"," "," "," ","3","3","n"],["7"," "," ","#","g"," ","3","3"],["15"," "," ","#","G"," "," ","11"],["15"," ","13"," "," "," ","9","11"],["15","15"," "," ","11","11","11","11"],["n","15","15","15","11","n","n","n"]],"starLevels":[13,9],"name":"test"}