{"saved":true,"name":"test","height":9,"width":7,"active":[[" "," "," "," "," "," "," "],[" "," "," "," "," "," "," "],[" "," "," "," "," "," "," "],[" "," "," "," "," "," "," "],[" "," "," "," "," ","B"," "],[" "," "," "," "," "," "," "],[" "," "," ","@"," "," "," "],[" "," ","b"," ","$"," "," "],[" "," "," "," "," "," "," "]],"fixed":[["#","#","#","#","n","n","n"],["#","g","G","#","#","#","n"],["#","11","#","#","3","#","n"],["#","11"," ","3","9","#","#"],["#","1"," "," "," "," ","#"],["#","#"," "," "," ","7","#"],["#"," "," "," "," ","5","#"],["#","#"," ","#"," ","#","#"],["n","#","#","#","#","#","n"]],"starLevels":[40,31]}