{"name":"Switches","width":6,"height":9,"starLevels":[12,7],"tutorial":["tutorial8","tutorial9"],"active":[[" "," "," "," "," "," "],[" "," "," "," "," "," "],[" "," "," "," "," "," "],[" "," "," "," "," "," "],[" "," "," "," "," "," "],[" "," "," "," "," "," "],[" ","b"," "," "," "," "],[" ","B"," "," "," "," "],[" "," "," "," "," "," "]],"fixed":[["n","#","#","#","#","#"],["n","#"," "," "," ","#"],["#","#"," "," "," ","#"],["#","13"," "," "," ","#"],["#"," "," "," "," ","#"],["#","#"," ","15","15","#"],["#"," "," ","15","g","#"],["#"," "," ","15","G","#"],["#","#","#","#","#","#"]],"saved":true}