{	
	"name": "Start Level - Skinny",
	"width": 13,
	"height": 9,
	"skinnyWalls": true,
	"active": [
	    [" "," "," "," "," "," "," "," "," "," "," "," "," "],
	    
	    [" ","b"," ","B"," "," "," "," "," "," "," "," "," "],
	    
	    [" "," "," "," "," "," "," "," "," "," "," "," "," "],
	    
	    [" "," "," "," "," "," "," "," "," "," "," "," "," "],
	    
	    [" "," "," "," "," "," "," "," "," "," "," "," "," "],
	    
	    [" "," "," "," "," "," "," "," "," "," "," "," "," "],
	    
	    [" "," "," "," "," "," "," "," "," "," "," "," "," "],

	    [" "," "," "," "," "," "," "," "," "," "," "," "," "],
	    
	    [" "," "," "," "," "," "," "," "," "," "," "," "," "]
	],
	"fixed":[
	    [".","-",".","-",".","-",".","-",".","-",".","-","."],
	    
	    ["|"," "," "," ","|"," "," "," "," "," "," "," ","|"],
	    
	    ["."," "," "," ","."," "," "," "," "," "," "," ","."],
	    
	    ["|"," "," "," "," "," "," "," "," "," "," "," ","|"],
	    
	    [".","-",".","-"," "," "," "," ",".","-",".","-","."],
	    
	    ["|","g"," ","G"," "," "," "," "," "," "," "," ","|"],
	    
	    [".","-",".","-","."," "," "," "," "," "," "," ","."],

	    [" "," "," "," ","|"," "," "," "," "," "," "," ","|"],
	    
	    [" "," "," "," ",".","-",".","-",".","-",".","-","."]
	]
}