{"frames": [

{
	"filename": "SpriteSheet0001",
	"frame": {"x":244,"y":1,"w":242,"h":283},
	"rotated": false,
	"trimmed": true,
	"spriteSourceSize": {"x":5,"y":30,"w":242,"h":283},
	"sourceSize": {"w":256,"h":320}
},
{
	"filename": "SpriteSheet0002",
	"frame": {"x":973,"y":285,"w":242,"h":282},
	"rotated": false,
	"trimmed": true,
	"spriteSourceSize": {"x":5,"y":31,"w":242,"h":282},
	"sourceSize": {"w":256,"h":320}
},
{
	"filename": "SpriteSheet0003",
	"frame": {"x":1216,"y":285,"w":242,"h":281},
	"rotated": false,
	"trimmed": true,
	"spriteSourceSize": {"x":5,"y":32,"w":242,"h":281},
	"sourceSize": {"w":256,"h":320}
},
{
	"filename": "SpriteSheet0004",
	"frame": {"x":1459,"y":285,"w":242,"h":280},
	"rotated": false,
	"trimmed": true,
	"spriteSourceSize": {"x":5,"y":33,"w":242,"h":280},
	"sourceSize": {"w":256,"h":320}
},
{
	"filename": "SpriteSheet0005",
	"frame": {"x":1702,"y":285,"w":242,"h":280},
	"rotated": false,
	"trimmed": true,
	"spriteSourceSize": {"x":5,"y":33,"w":242,"h":280},
	"sourceSize": {"w":256,"h":320}
},
{
	"filename": "SpriteSheet0006",
	"frame": {"x":1702,"y":566,"w":242,"h":279},
	"rotated": false,
	"trimmed": true,
	"spriteSourceSize": {"x":5,"y":34,"w":242,"h":279},
	"sourceSize": {"w":256,"h":320}
},
{
	"filename": "SpriteSheet0007",
	"frame": {"x":1702,"y":846,"w":242,"h":278},
	"rotated": false,
	"trimmed": true,
	"spriteSourceSize": {"x":5,"y":35,"w":242,"h":278},
	"sourceSize": {"w":256,"h":320}
},
{
	"filename": "SpriteSheet0008",
	"frame": {"x":1216,"y":848,"w":242,"h":277},
	"rotated": false,
	"trimmed": true,
	"spriteSourceSize": {"x":5,"y":36,"w":242,"h":277},
	"sourceSize": {"w":256,"h":320}
},
{
	"filename": "SpriteSheet0009",
	"frame": {"x":1702,"y":846,"w":242,"h":278},
	"rotated": false,
	"trimmed": true,
	"spriteSourceSize": {"x":5,"y":35,"w":242,"h":278},
	"sourceSize": {"w":256,"h":320}
},
{
	"filename": "SpriteSheet0010",
	"frame": {"x":1702,"y":566,"w":242,"h":279},
	"rotated": false,
	"trimmed": true,
	"spriteSourceSize": {"x":5,"y":34,"w":242,"h":279},
	"sourceSize": {"w":256,"h":320}
},
{
	"filename": "SpriteSheet0011",
	"frame": {"x":1702,"y":285,"w":242,"h":280},
	"rotated": false,
	"trimmed": true,
	"spriteSourceSize": {"x":5,"y":33,"w":242,"h":280},
	"sourceSize": {"w":256,"h":320}
},
{
	"filename": "SpriteSheet0012",
	"frame": {"x":1459,"y":285,"w":242,"h":280},
	"rotated": false,
	"trimmed": true,
	"spriteSourceSize": {"x":5,"y":33,"w":242,"h":280},
	"sourceSize": {"w":256,"h":320}
},
{
	"filename": "SpriteSheet0013",
	"frame": {"x":1216,"y":285,"w":242,"h":281},
	"rotated": false,
	"trimmed": true,
	"spriteSourceSize": {"x":5,"y":32,"w":242,"h":281},
	"sourceSize": {"w":256,"h":320}
},
{
	"filename": "SpriteSheet0014",
	"frame": {"x":973,"y":285,"w":242,"h":282},
	"rotated": false,
	"trimmed": true,
	"spriteSourceSize": {"x":5,"y":31,"w":242,"h":282},
	"sourceSize": {"w":256,"h":320}
},
{
	"filename": "SpriteSheet0015",
	"frame": {"x":244,"y":1,"w":242,"h":283},
	"rotated": false,
	"trimmed": true,
	"spriteSourceSize": {"x":5,"y":30,"w":242,"h":283},
	"sourceSize": {"w":256,"h":320}
},
{
	"filename": "SpriteSheet0016",
	"frame": {"x":1459,"y":566,"w":242,"h":280},
	"rotated": false,
	"trimmed": true,
	"spriteSourceSize": {"x":5,"y":33,"w":242,"h":280},
	"sourceSize": {"w":256,"h":320}
},
{
	"filename": "SpriteSheet0017",
	"frame": {"x":1459,"y":847,"w":242,"h":278},
	"rotated": false,
	"trimmed": true,
	"spriteSourceSize": {"x":5,"y":35,"w":242,"h":278},
	"sourceSize": {"w":256,"h":320}
},
{
	"filename": "SpriteSheet0018",
	"frame": {"x":1216,"y":567,"w":242,"h":280},
	"rotated": false,
	"trimmed": true,
	"spriteSourceSize": {"x":5,"y":33,"w":242,"h":280},
	"sourceSize": {"w":256,"h":320}
},
{
	"filename": "SpriteSheet0019",
	"frame": {"x":244,"y":1,"w":242,"h":283},
	"rotated": false,
	"trimmed": true,
	"spriteSourceSize": {"x":5,"y":30,"w":242,"h":283},
	"sourceSize": {"w":256,"h":320}
},
{
	"filename": "SpriteSheet0020",
	"frame": {"x":487,"y":1,"w":242,"h":283},
	"rotated": false,
	"trimmed": true,
	"spriteSourceSize": {"x":5,"y":30,"w":242,"h":283},
	"sourceSize": {"w":256,"h":320}
},
{
	"filename": "SpriteSheet0021",
	"frame": {"x":730,"y":1,"w":242,"h":283},
	"rotated": false,
	"trimmed": true,
	"spriteSourceSize": {"x":5,"y":30,"w":242,"h":283},
	"sourceSize": {"w":256,"h":320}
},
{
	"filename": "SpriteSheet0022",
	"frame": {"x":973,"y":1,"w":242,"h":283},
	"rotated": false,
	"trimmed": true,
	"spriteSourceSize": {"x":5,"y":30,"w":242,"h":283},
	"sourceSize": {"w":256,"h":320}
},
{
	"filename": "SpriteSheet0023",
	"frame": {"x":1216,"y":1,"w":242,"h":283},
	"rotated": false,
	"trimmed": true,
	"spriteSourceSize": {"x":5,"y":30,"w":242,"h":283},
	"sourceSize": {"w":256,"h":320}
},
{
	"filename": "SpriteSheet0024",
	"frame": {"x":1459,"y":1,"w":242,"h":283},
	"rotated": false,
	"trimmed": true,
	"spriteSourceSize": {"x":5,"y":30,"w":242,"h":283},
	"sourceSize": {"w":256,"h":320}
},
{
	"filename": "SpriteSheet0025",
	"frame": {"x":1702,"y":1,"w":242,"h":283},
	"rotated": false,
	"trimmed": true,
	"spriteSourceSize": {"x":5,"y":30,"w":242,"h":283},
	"sourceSize": {"w":256,"h":320}
},
{
	"filename": "SpriteSheet0026",
	"frame": {"x":244,"y":285,"w":242,"h":283},
	"rotated": false,
	"trimmed": true,
	"spriteSourceSize": {"x":5,"y":30,"w":242,"h":283},
	"sourceSize": {"w":256,"h":320}
},
{
	"filename": "SpriteSheet0027",
	"frame": {"x":244,"y":1,"w":242,"h":283},
	"rotated": false,
	"trimmed": true,
	"spriteSourceSize": {"x":5,"y":30,"w":242,"h":283},
	"sourceSize": {"w":256,"h":320}
},
{
	"filename": "SpriteSheet0028",
	"frame": {"x":1,"y":1744,"w":242,"h":285},
	"rotated": false,
	"trimmed": true,
	"spriteSourceSize": {"x":5,"y":28,"w":242,"h":285},
	"sourceSize": {"w":256,"h":320}
},
{
	"filename": "SpriteSheet0029",
	"frame": {"x":1,"y":1456,"w":242,"h":287},
	"rotated": false,
	"trimmed": true,
	"spriteSourceSize": {"x":5,"y":26,"w":242,"h":287},
	"sourceSize": {"w":256,"h":320}
},
{
	"filename": "SpriteSheet0030",
	"frame": {"x":1,"y":1167,"w":242,"h":288},
	"rotated": false,
	"trimmed": true,
	"spriteSourceSize": {"x":5,"y":25,"w":242,"h":288},
	"sourceSize": {"w":256,"h":320}
},
{
	"filename": "SpriteSheet0031",
	"frame": {"x":1,"y":585,"w":242,"h":290},
	"rotated": false,
	"trimmed": true,
	"spriteSourceSize": {"x":5,"y":23,"w":242,"h":290},
	"sourceSize": {"w":256,"h":320}
},
{
	"filename": "SpriteSheet0032",
	"frame": {"x":1,"y":876,"w":242,"h":290},
	"rotated": false,
	"trimmed": true,
	"spriteSourceSize": {"x":5,"y":23,"w":242,"h":290},
	"sourceSize": {"w":256,"h":320}
},
{
	"filename": "SpriteSheet0033",
	"frame": {"x":1,"y":1,"w":242,"h":291},
	"rotated": false,
	"trimmed": true,
	"spriteSourceSize": {"x":5,"y":22,"w":242,"h":291},
	"sourceSize": {"w":256,"h":320}
},
{
	"filename": "SpriteSheet0034",
	"frame": {"x":1,"y":293,"w":242,"h":291},
	"rotated": false,
	"trimmed": true,
	"spriteSourceSize": {"x":5,"y":22,"w":242,"h":291},
	"sourceSize": {"w":256,"h":320}
},
{
	"filename": "SpriteSheet0035",
	"frame": {"x":244,"y":1,"w":242,"h":283},
	"rotated": false,
	"trimmed": true,
	"spriteSourceSize": {"x":5,"y":30,"w":242,"h":283},
	"sourceSize": {"w":256,"h":320}
},
{
	"filename": "SpriteSheet0036",
	"frame": {"x":244,"y":569,"w":242,"h":283},
	"rotated": false,
	"trimmed": true,
	"spriteSourceSize": {"x":5,"y":30,"w":242,"h":283},
	"sourceSize": {"w":256,"h":320}
},
{
	"filename": "SpriteSheet0037",
	"frame": {"x":244,"y":853,"w":242,"h":283},
	"rotated": false,
	"trimmed": true,
	"spriteSourceSize": {"x":5,"y":30,"w":242,"h":283},
	"sourceSize": {"w":256,"h":320}
},
{
	"filename": "SpriteSheet0038",
	"frame": {"x":244,"y":1137,"w":242,"h":283},
	"rotated": false,
	"trimmed": true,
	"spriteSourceSize": {"x":5,"y":30,"w":242,"h":283},
	"sourceSize": {"w":256,"h":320}
},
{
	"filename": "SpriteSheet0039",
	"frame": {"x":244,"y":1421,"w":242,"h":283},
	"rotated": false,
	"trimmed": true,
	"spriteSourceSize": {"x":5,"y":30,"w":242,"h":283},
	"sourceSize": {"w":256,"h":320}
},
{
	"filename": "SpriteSheet0040",
	"frame": {"x":244,"y":1705,"w":242,"h":283},
	"rotated": false,
	"trimmed": true,
	"spriteSourceSize": {"x":5,"y":30,"w":242,"h":283},
	"sourceSize": {"w":256,"h":320}
},
{
	"filename": "SpriteSheet0041",
	"frame": {"x":487,"y":285,"w":242,"h":283},
	"rotated": false,
	"trimmed": true,
	"spriteSourceSize": {"x":5,"y":30,"w":242,"h":283},
	"sourceSize": {"w":256,"h":320}
},
{
	"filename": "SpriteSheet0042",
	"frame": {"x":730,"y":285,"w":242,"h":283},
	"rotated": false,
	"trimmed": true,
	"spriteSourceSize": {"x":5,"y":30,"w":242,"h":283},
	"sourceSize": {"w":256,"h":320}
},
{
	"filename": "SpriteSheet0043",
	"frame": {"x":244,"y":1,"w":242,"h":283},
	"rotated": false,
	"trimmed": true,
	"spriteSourceSize": {"x":5,"y":30,"w":242,"h":283},
	"sourceSize": {"w":256,"h":320}
},
{
	"filename": "SpriteSheet0044",
	"frame": {"x":973,"y":568,"w":242,"h":280},
	"rotated": false,
	"trimmed": true,
	"spriteSourceSize": {"x":5,"y":33,"w":242,"h":280},
	"sourceSize": {"w":256,"h":320}
},
{
	"filename": "SpriteSheet0045",
	"frame": {"x":1702,"y":1125,"w":242,"h":277},
	"rotated": false,
	"trimmed": true,
	"spriteSourceSize": {"x":5,"y":36,"w":242,"h":277},
	"sourceSize": {"w":256,"h":320}
},
{
	"filename": "SpriteSheet0046",
	"frame": {"x":487,"y":569,"w":242,"h":274},
	"rotated": false,
	"trimmed": true,
	"spriteSourceSize": {"x":5,"y":39,"w":242,"h":274},
	"sourceSize": {"w":256,"h":320}
},
{
	"filename": "SpriteSheet0047",
	"frame": {"x":730,"y":569,"w":242,"h":272},
	"rotated": false,
	"trimmed": true,
	"spriteSourceSize": {"x":5,"y":41,"w":242,"h":272},
	"sourceSize": {"w":256,"h":320}
},
{
	"filename": "SpriteSheet0048",
	"frame": {"x":730,"y":842,"w":242,"h":271},
	"rotated": false,
	"trimmed": true,
	"spriteSourceSize": {"x":5,"y":42,"w":242,"h":271},
	"sourceSize": {"w":256,"h":320}
},
{
	"filename": "SpriteSheet0049",
	"frame": {"x":973,"y":849,"w":242,"h":270},
	"rotated": false,
	"trimmed": true,
	"spriteSourceSize": {"x":5,"y":43,"w":242,"h":270},
	"sourceSize": {"w":256,"h":320}
},
{
	"filename": "SpriteSheet0050",
	"frame": {"x":487,"y":844,"w":242,"h":270},
	"rotated": false,
	"trimmed": true,
	"spriteSourceSize": {"x":5,"y":43,"w":242,"h":270},
	"sourceSize": {"w":256,"h":320}
}],
"meta": {
	"app": "http://www.codeandweb.com/texturepacker",
	"version": "1.0",
	"image": "alienC.png",
	"format": "RGBA8888",
	"size": {"w":2048,"h":2048},
	"scale": "1",
	"smartupdate": "$TexturePacker:SmartUpdate:353e5b6e596a80cc57c0656d1d852bc8:56538ea8e92235814c5a7d5523dbc844:d173a1113d37d8331d48e91c57409efd$"
}
}
