{"saved":true,"name":"test","height":14,"width":10,"active":[[" "," "," "," "," "," "," "," "," "," "],[" "," "," "," ","b","B"," "," "," "," "],[" "," "," "," "," "," "," "," "," "," "],[" "," "," "," "," "," "," "," "," "," "],[" "," "," "," "," "," "," "," "," "," "],[" "," "," "," "," "," "," "," "," "," "],[" "," "," "," "," "," "," "," "," "," "],[" "," "," "," "," "," "," "," "," "," "],[" "," "," "," "," "," "," "," "," "," "],[" "," "," "," "," "," "," "," "," "," "],[" "," "," "," "," "," "," "," "," "," "],[" "," "," "," "," "," "," "," "," "," "],[" "," "," "," "," "," "," "," "," "," "],[" "," "," "," "," "," "," "," "," "," "]],"fixed":[["n","n","n","n","#","#","n","n","n","n"],["n","n","n","#"," "," ","#","n","n","n"],["n","#"," "," "," "," ","#","n","n","n"],["n","n"," "," ","#","#"," "," "," ","#"],["n","n"," "," "," "," "," "," "," ","#"],["n","n"," "," "," "," "," ","#"," ","n"],["n","n","#"," "," "," "," ","#"," ","n"],["n","#","n","#"," "," "," "," "," ","n"],["n","n","#"," "," "," "," "," "," ","n"],["#"," "," "," "," "," "," "," ","#","n"],["n"," "," ","#","#"," "," "," "," ","n"],["n"," "," "," "," "," "," "," ","G","#"],["n","#"," "," "," "," "," "," ","g","#"],["n","n","#","n","n","n","n","n","n","n"]],"starLevels":[18,12]}