{"saved":true,"name":"test","height":11,"width":10,"active":[[" "," "," "," "," "," "," "," "," "," "],[" "," ","B"," "," "," "," "," "," "," "],[" ","b"," "," "," "," "," "," "," "," "],[" "," "," "," "," "," "," "," "," "," "],[" "," "," "," "," "," "," "," "," "," "],[" "," "," "," "," "," "," "," "," "," "],[" "," "," "," "," "," "," "," "," "," "],[" "," "," "," "," "," "," "," "," "," "],[" "," "," "," "," "," "," "," "," "," "],[" "," "," "," "," "," "," "," "," "," "],[" "," "," "," "," "," "," "," "," "," "]],"fixed":[["n","#","#","#","#","n","n","n","n","n"],["#","#"," "," ","#","0","0","n","n","n"],["#"," "," "," ","#"," ","0","0","0","0"],["#","#"," ","#","#"," "," "," "," ","0"],["#","E"," "," "," "," "," ","0"," ","0"],["#","0","#","#","#","#","#","0"," ","0"],["#","E"," "," "," "," "," ","0"," ","0"],["#"," "," ","#","#"," "," "," "," ","0"],["#"," ","#","G","#"," ","0","0","0","0"],["#","E","g"," ","#","0","0","n","n","n"],["n","#","#","#","#","n","n","n","n","n"]],"starLevels": [23,18]}