{"saved":true,"name":"test","height":9,"width":7,"active":[[" "," "," "," "," "," "," "],[" "," "," "," "," "," "," "],[" "," "," "," "," "," "," "],[" "," "," "," "," "," "," "],[" "," "," "," "," "," "," "],[" "," "," "," "," "," "," "],[" "," "," "," "," ","b"," "],[" "," "," "," "," ","B"," "],[" "," "," "," "," "," "," "]],"fixed":[["#","#","#","#","#","#","n"],["#"," "," ","#","G","#","n"],["#"," "," ","#","g","#","n"],["#"," "," "," "," ","#","n"],["#"," "," "," "," ","#","#"],["X","+","+","+","+","X","#"],["#"," "," "," "," "," ","#"],["#"," ","#"," "," "," ","#"],["#","#","#","#","X","#","#"]],"starLevels":[14,9]}