{"frames": [

{
	"filename": "brainandbrawn_alien",
	"frame": {"x":518,"y":1416,"w":240,"h":254},
	"rotated": false,
	"trimmed": true,
	"spriteSourceSize": {"x":8,"y":53,"w":240,"h":254},
	"sourceSize": {"w":256,"h":320}
},
{
	"filename": "brainandbrawn_blank",
	"frame": {"x":248,"y":1178,"w":1,"h":1},
	"rotated": false,
	"trimmed": true,
	"spriteSourceSize": {"x":0,"y":0,"w":1,"h":1},
	"sourceSize": {"w":256,"h":320}
},
{
	"filename": "brainandbrawn_block",
	"frame": {"x":2,"y":2,"w":256,"h":320},
	"rotated": false,
	"trimmed": false,
	"spriteSourceSize": {"x":0,"y":0,"w":256,"h":320},
	"sourceSize": {"w":256,"h":320}
},
{
	"filename": "brainandbrawn_brainy",
	"frame": {"x":760,"y":1564,"w":142,"h":210},
	"rotated": false,
	"trimmed": true,
	"spriteSourceSize": {"x":58,"y":46,"w":142,"h":210},
	"sourceSize": {"w":256,"h":320}
},
{
	"filename": "brainandbrawn_brawny",
	"frame": {"x":764,"y":1272,"w":242,"h":290},
	"rotated": false,
	"trimmed": true,
	"spriteSourceSize": {"x":7,"y":17,"w":242,"h":290},
	"sourceSize": {"w":256,"h":320}
},
{
	"filename": "brainandbrawn_floor",
	"frame": {"x":260,"y":912,"w":256,"h":256},
	"rotated": false,
	"trimmed": true,
	"spriteSourceSize": {"x":0,"y":64,"w":256,"h":256},
	"sourceSize": {"w":256,"h":320}
},
{
	"filename": "brainandbrawn_gateNew1C",
	"frame": {"x":260,"y":2,"w":256,"h":320},
	"rotated": false,
	"trimmed": false,
	"spriteSourceSize": {"x":0,"y":0,"w":256,"h":320},
	"sourceSize": {"w":256,"h":320}
},
{
	"filename": "brainandbrawn_gateNew1D",
	"frame": {"x":2,"y":646,"w":256,"h":264},
	"rotated": false,
	"trimmed": true,
	"spriteSourceSize": {"x":0,"y":56,"w":256,"h":264},
	"sourceSize": {"w":256,"h":320}
},
{
	"filename": "brainandbrawn_gateNew2C",
	"frame": {"x":518,"y":2,"w":256,"h":320},
	"rotated": false,
	"trimmed": false,
	"spriteSourceSize": {"x":0,"y":0,"w":256,"h":320},
	"sourceSize": {"w":256,"h":320}
},
{
	"filename": "brainandbrawn_gateNew2D",
	"frame": {"x":260,"y":646,"w":256,"h":264},
	"rotated": false,
	"trimmed": true,
	"spriteSourceSize": {"x":0,"y":56,"w":256,"h":264},
	"sourceSize": {"w":256,"h":320}
},
{
	"filename": "brainandbrawn_gateNew3C",
	"frame": {"x":2,"y":324,"w":256,"h":320},
	"rotated": false,
	"trimmed": false,
	"spriteSourceSize": {"x":0,"y":0,"w":256,"h":320},
	"sourceSize": {"w":256,"h":320}
},
{
	"filename": "brainandbrawn_gateNew3D",
	"frame": {"x":518,"y":646,"w":256,"h":264},
	"rotated": false,
	"trimmed": true,
	"spriteSourceSize": {"x":0,"y":56,"w":256,"h":264},
	"sourceSize": {"w":256,"h":320}
},
{
	"filename": "brainandbrawn_gateNew4C",
	"frame": {"x":260,"y":324,"w":256,"h":320},
	"rotated": false,
	"trimmed": false,
	"spriteSourceSize": {"x":0,"y":0,"w":256,"h":320},
	"sourceSize": {"w":256,"h":320}
},
{
	"filename": "brainandbrawn_gateNew4D",
	"frame": {"x":2,"y":912,"w":256,"h":264},
	"rotated": false,
	"trimmed": true,
	"spriteSourceSize": {"x":0,"y":56,"w":256,"h":264},
	"sourceSize": {"w":256,"h":320}
},
{
	"filename": "brainandbrawn_goalBrainy",
	"frame": {"x":518,"y":912,"w":256,"h":256},
	"rotated": false,
	"trimmed": true,
	"spriteSourceSize": {"x":0,"y":64,"w":256,"h":256},
	"sourceSize": {"w":256,"h":320}
},
{
	"filename": "brainandbrawn_goalBrawny",
	"frame": {"x":260,"y":1170,"w":256,"h":256},
	"rotated": false,
	"trimmed": true,
	"spriteSourceSize": {"x":0,"y":64,"w":256,"h":256},
	"sourceSize": {"w":256,"h":320}
},
{
	"filename": "brainandbrawn_pipe0",
	"frame": {"x":518,"y":324,"w":256,"h":320},
	"rotated": false,
	"trimmed": false,
	"spriteSourceSize": {"x":0,"y":0,"w":256,"h":320},
	"sourceSize": {"w":256,"h":320}
},
{
	"filename": "brainandbrawn_switchNew1A",
	"frame": {"x":776,"y":2,"w":244,"h":254},
	"rotated": false,
	"trimmed": true,
	"spriteSourceSize": {"x":6,"y":60,"w":244,"h":254},
	"sourceSize": {"w":256,"h":320}
},
{
	"filename": "brainandbrawn_switchNew1B",
	"frame": {"x":776,"y":1026,"w":244,"h":244},
	"rotated": false,
	"trimmed": true,
	"spriteSourceSize": {"x":6,"y":70,"w":244,"h":244},
	"sourceSize": {"w":256,"h":320}
},
{
	"filename": "brainandbrawn_switchNew2A",
	"frame": {"x":776,"y":258,"w":244,"h":254},
	"rotated": false,
	"trimmed": true,
	"spriteSourceSize": {"x":6,"y":60,"w":244,"h":254},
	"sourceSize": {"w":256,"h":320}
},
{
	"filename": "brainandbrawn_switchNew2B",
	"frame": {"x":2,"y":1178,"w":244,"h":244},
	"rotated": false,
	"trimmed": true,
	"spriteSourceSize": {"x":6,"y":70,"w":244,"h":244},
	"sourceSize": {"w":256,"h":320}
},
{
	"filename": "brainandbrawn_switchNew3A",
	"frame": {"x":776,"y":514,"w":244,"h":254},
	"rotated": false,
	"trimmed": true,
	"spriteSourceSize": {"x":6,"y":60,"w":244,"h":254},
	"sourceSize": {"w":256,"h":320}
},
{
	"filename": "brainandbrawn_switchNew3B",
	"frame": {"x":2,"y":1424,"w":244,"h":244},
	"rotated": false,
	"trimmed": true,
	"spriteSourceSize": {"x":7,"y":70,"w":244,"h":244},
	"sourceSize": {"w":257,"h":320}
},
{
	"filename": "brainandbrawn_switchNew4A",
	"frame": {"x":776,"y":770,"w":244,"h":254},
	"rotated": false,
	"trimmed": true,
	"spriteSourceSize": {"x":7,"y":60,"w":244,"h":254},
	"sourceSize": {"w":257,"h":320}
},
{
	"filename": "brainandbrawn_switchNew4B",
	"frame": {"x":518,"y":1170,"w":244,"h":244},
	"rotated": false,
	"trimmed": true,
	"spriteSourceSize": {"x":6,"y":70,"w":244,"h":244},
	"sourceSize": {"w":256,"h":320}
}],
"meta": {
	"app": "http://www.codeandweb.com/texturepacker",
	"version": "1.0",
	"image": "spritesheet.png",
	"format": "RGBA8888",
	"size": {"w":1024,"h":2048},
	"scale": "1",
	"smartupdate": "$TexturePacker:SmartUpdate:9039362131413c8ab31a4f8efa477bf8:27e636c1531975750804a6014c663b9d:729adc6043343cfda41c447ce8f464d6$"
}
}
