{	
	"name": "Flip Level",
	"width": 7,
	"height": 6,
	"active": [
	    [" "," "," "," "," "," "," "],
	    
	    [" ","b","B"," "," "," "," "],
	    
	    [" "," "," "," "," "," "," "],	
	    
	    [" "," "," "," "," "," "," "],
	    
	    [" "," "," "," "," "," "," "],
	    
	    [" "," "," "," "," "," "," "]
	],
	"fixed":[
	    ["#","#","#","#","#","#","#"],
	    
	    ["#"," "," "," ","G","g","#"],
	    	    
	    ["#"," "," "," "," "," ","#"],
	    
	    ["#"," "," "," ","#"," ","#"],
	    
	    ["#"," "," "," "," "," ","#"],
	    
	    ["#","#","#","#","#","#","#"]
	]
}