{	
	"name": "Open Level 0",
	"width": 8,
	"height":6,
	"tutorial": [
		"tutorial4",
        "tutorial5"
	],
	"active": [

	    [" "," "," "," "," "," "," "," "],
	
	    [" ","B"," "," "," "," "," "," "],

	    [" ","b"," "," "," "," "," "," "],

	    [" "," "," "," "," "," "," "," "],

	    [" "," "," "," "," "," "," "," "],

	    [" "," "," "," "," "," "," "," "]
	],
	"fixed": [

		["#","#",".",".",".",".","#","."],

		["#"," "," ","#","G"," "," ","."], 
		
		["#"," "," ","#","g"," "," ","."],

		["#","#"," "," "," "," "," ","#"],

		["."," "," "," "," "," "," ","#"],

		[".",".","#",".",".",".",".","."]
	]}

	
	