﻿{"frames": [

{
	"filename": "SpriteSheet0000",
	"frame": {"x":1,"y":1,"w":141,"h":225},
	"rotated": false,
	"trimmed": true,
	"spriteSourceSize": {"x":46,"y":80,"w":206,"h":341},
	"sourceSize": {"w":206,"h":341}
}
,{
	"filename": "SpriteSheet0001",
	"frame": {"x":143,"y":1,"w":137,"h":225},
	"rotated": false,
	"trimmed": true,
	"spriteSourceSize": {"x":41,"y":81,"w":206,"h":341},
	"sourceSize": {"w":206,"h":341}
}
,{
	"filename": "SpriteSheet0002",
	"frame": {"x":281,"y":1,"w":134,"h":226},
	"rotated": false,
	"trimmed": true,
	"spriteSourceSize": {"x":35,"y":82,"w":206,"h":341},
	"sourceSize": {"w":206,"h":341}
}
,{
	"filename": "SpriteSheet0003",
	"frame": {"x":416,"y":1,"w":144,"h":225},
	"rotated": false,
	"trimmed": true,
	"spriteSourceSize": {"x":16,"y":83,"w":206,"h":341},
	"sourceSize": {"w":206,"h":341}
}
,{
	"filename": "SpriteSheet0004",
	"frame": {"x":561,"y":1,"w":149,"h":225},
	"rotated": false,
	"trimmed": true,
	"spriteSourceSize": {"x":4,"y":83,"w":206,"h":341},
	"sourceSize": {"w":206,"h":341}
}
,{
	"filename": "SpriteSheet0005",
	"frame": {"x":711,"y":1,"w":146,"h":225},
	"rotated": false,
	"trimmed": true,
	"spriteSourceSize": {"x":0,"y":83,"w":206,"h":341},
	"sourceSize": {"w":206,"h":341}
}
,{
	"filename": "SpriteSheet0006",
	"frame": {"x":858,"y":1,"w":149,"h":225},
	"rotated": false,
	"trimmed": true,
	"spriteSourceSize": {"x":4,"y":83,"w":206,"h":341},
	"sourceSize": {"w":206,"h":341}
}
,{
	"filename": "SpriteSheet0007",
	"frame": {"x":1,"y":228,"w":145,"h":225},
	"rotated": false,
	"trimmed": true,
	"spriteSourceSize": {"x":16,"y":83,"w":206,"h":341},
	"sourceSize": {"w":206,"h":341}
}
,{
	"filename": "SpriteSheet0008",
	"frame": {"x":147,"y":228,"w":134,"h":226},
	"rotated": false,
	"trimmed": true,
	"spriteSourceSize": {"x":35,"y":82,"w":206,"h":341},
	"sourceSize": {"w":206,"h":341}
}
,{
	"filename": "SpriteSheet0009",
	"frame": {"x":282,"y":228,"w":137,"h":225},
	"rotated": false,
	"trimmed": true,
	"spriteSourceSize": {"x":41,"y":81,"w":206,"h":341},
	"sourceSize": {"w":206,"h":341}
}
,{
	"filename": "SpriteSheet0010",
	"frame": {"x":1,"y":1,"w":141,"h":225},
	"rotated": false,
	"trimmed": true,
	"spriteSourceSize": {"x":46,"y":80,"w":206,"h":341},
	"sourceSize": {"w":206,"h":341}
}
,{
	"filename": "SpriteSheet0011",
	"frame": {"x":420,"y":228,"w":134,"h":228},
	"rotated": false,
	"trimmed": true,
	"spriteSourceSize": {"x":64,"y":77,"w":206,"h":341},
	"sourceSize": {"w":206,"h":341}
}
,{
	"filename": "SpriteSheet0012",
	"frame": {"x":555,"y":228,"w":130,"h":229},
	"rotated": false,
	"trimmed": true,
	"spriteSourceSize": {"x":74,"y":76,"w":206,"h":341},
	"sourceSize": {"w":206,"h":341}
}
,{
	"filename": "SpriteSheet0013",
	"frame": {"x":686,"y":228,"w":128,"h":229},
	"rotated": false,
	"trimmed": true,
	"spriteSourceSize": {"x":78,"y":76,"w":206,"h":341},
	"sourceSize": {"w":206,"h":341}
}
,{
	"filename": "SpriteSheet0014",
	"frame": {"x":815,"y":228,"w":129,"h":229},
	"rotated": false,
	"trimmed": true,
	"spriteSourceSize": {"x":77,"y":76,"w":206,"h":341},
	"sourceSize": {"w":206,"h":341}
}
,{
	"filename": "SpriteSheet0015",
	"frame": {"x":1,"y":458,"w":129,"h":227},
	"rotated": false,
	"trimmed": true,
	"spriteSourceSize": {"x":75,"y":78,"w":206,"h":341},
	"sourceSize": {"w":206,"h":341}
}
,{
	"filename": "SpriteSheet0016",
	"frame": {"x":131,"y":458,"w":131,"h":224},
	"rotated": false,
	"trimmed": true,
	"spriteSourceSize": {"x":70,"y":81,"w":206,"h":341},
	"sourceSize": {"w":206,"h":341}
}
,{
	"filename": "SpriteSheet0017",
	"frame": {"x":263,"y":458,"w":134,"h":224},
	"rotated": false,
	"trimmed": true,
	"spriteSourceSize": {"x":63,"y":81,"w":206,"h":341},
	"sourceSize": {"w":206,"h":341}
}
,{
	"filename": "SpriteSheet0018",
	"frame": {"x":398,"y":458,"w":138,"h":224},
	"rotated": false,
	"trimmed": true,
	"spriteSourceSize": {"x":54,"y":81,"w":206,"h":341},
	"sourceSize": {"w":206,"h":341}
}
,{
	"filename": "SpriteSheet0019",
	"frame": {"x":537,"y":458,"w":141,"h":225},
	"rotated": false,
	"trimmed": true,
	"spriteSourceSize": {"x":48,"y":80,"w":206,"h":341},
	"sourceSize": {"w":206,"h":341}
}
,{
	"filename": "SpriteSheet0020",
	"frame": {"x":1,"y":1,"w":141,"h":225},
	"rotated": false,
	"trimmed": true,
	"spriteSourceSize": {"x":46,"y":80,"w":206,"h":341},
	"sourceSize": {"w":206,"h":341}
}
,{
	"filename": "SpriteSheet0021",
	"frame": {"x":679,"y":458,"w":136,"h":254},
	"rotated": false,
	"trimmed": true,
	"spriteSourceSize": {"x":48,"y":51,"w":206,"h":341},
	"sourceSize": {"w":206,"h":341}
}
,{
	"filename": "SpriteSheet0022",
	"frame": {"x":816,"y":458,"w":131,"h":276},
	"rotated": false,
	"trimmed": true,
	"spriteSourceSize": {"x":51,"y":29,"w":206,"h":341},
	"sourceSize": {"w":206,"h":341}
}
,{
	"filename": "SpriteSheet0023",
	"frame": {"x":1,"y":735,"w":125,"h":292},
	"rotated": false,
	"trimmed": true,
	"spriteSourceSize": {"x":54,"y":13,"w":206,"h":341},
	"sourceSize": {"w":206,"h":341}
}
,{
	"filename": "SpriteSheet0024",
	"frame": {"x":127,"y":735,"w":119,"h":303},
	"rotated": false,
	"trimmed": true,
	"spriteSourceSize": {"x":57,"y":3,"w":206,"h":341},
	"sourceSize": {"w":206,"h":341}
}
,{
	"filename": "SpriteSheet0025",
	"frame": {"x":247,"y":735,"w":113,"h":306},
	"rotated": false,
	"trimmed": true,
	"spriteSourceSize": {"x":60,"y":0,"w":206,"h":341},
	"sourceSize": {"w":206,"h":341}
}
,{
	"filename": "SpriteSheet0026",
	"frame": {"x":361,"y":735,"w":119,"h":303},
	"rotated": false,
	"trimmed": true,
	"spriteSourceSize": {"x":57,"y":3,"w":206,"h":341},
	"sourceSize": {"w":206,"h":341}
}
,{
	"filename": "SpriteSheet0027",
	"frame": {"x":481,"y":735,"w":125,"h":292},
	"rotated": false,
	"trimmed": true,
	"spriteSourceSize": {"x":54,"y":13,"w":206,"h":341},
	"sourceSize": {"w":206,"h":341}
}
,{
	"filename": "SpriteSheet0028",
	"frame": {"x":607,"y":735,"w":131,"h":276},
	"rotated": false,
	"trimmed": true,
	"spriteSourceSize": {"x":51,"y":29,"w":206,"h":341},
	"sourceSize": {"w":206,"h":341}
}
,{
	"filename": "SpriteSheet0029",
	"frame": {"x":739,"y":735,"w":136,"h":254},
	"rotated": false,
	"trimmed": true,
	"spriteSourceSize": {"x":48,"y":51,"w":206,"h":341},
	"sourceSize": {"w":206,"h":341}
}
,{
	"filename": "SpriteSheet0030",
	"frame": {"x":1,"y":1,"w":141,"h":225},
	"rotated": false,
	"trimmed": true,
	"spriteSourceSize": {"x":46,"y":80,"w":206,"h":341},
	"sourceSize": {"w":206,"h":341}
}
,{
	"filename": "SpriteSheet0031",
	"frame": {"x":876,"y":735,"w":143,"h":218},
	"rotated": false,
	"trimmed": true,
	"spriteSourceSize": {"x":45,"y":89,"w":206,"h":341},
	"sourceSize": {"w":206,"h":341}
}
,{
	"filename": "SpriteSheet0032",
	"frame": {"x":1,"y":1042,"w":150,"h":200},
	"rotated": false,
	"trimmed": true,
	"spriteSourceSize": {"x":42,"y":115,"w":206,"h":341},
	"sourceSize": {"w":206,"h":341}
}
,{
	"filename": "SpriteSheet0033",
	"frame": {"x":152,"y":1042,"w":155,"h":187},
	"rotated": false,
	"trimmed": true,
	"spriteSourceSize": {"x":39,"y":132,"w":206,"h":341},
	"sourceSize": {"w":206,"h":341}
}
,{
	"filename": "SpriteSheet0034",
	"frame": {"x":308,"y":1042,"w":154,"h":193},
	"rotated": false,
	"trimmed": true,
	"spriteSourceSize": {"x":40,"y":126,"w":206,"h":341},
	"sourceSize": {"w":206,"h":341}
}
,{
	"filename": "SpriteSheet0035",
	"frame": {"x":463,"y":1042,"w":153,"h":212},
	"rotated": false,
	"trimmed": true,
	"spriteSourceSize": {"x":40,"y":105,"w":206,"h":341},
	"sourceSize": {"w":206,"h":341}
}
,{
	"filename": "SpriteSheet0036",
	"frame": {"x":617,"y":1042,"w":151,"h":238},
	"rotated": false,
	"trimmed": true,
	"spriteSourceSize": {"x":41,"y":77,"w":206,"h":341},
	"sourceSize": {"w":206,"h":341}
}
,{
	"filename": "SpriteSheet0037",
	"frame": {"x":769,"y":1042,"w":148,"h":247},
	"rotated": false,
	"trimmed": true,
	"spriteSourceSize": {"x":43,"y":65,"w":206,"h":341},
	"sourceSize": {"w":206,"h":341}
}
,{
	"filename": "SpriteSheet0038",
	"frame": {"x":1,"y":1290,"w":144,"h":240},
	"rotated": false,
	"trimmed": true,
	"spriteSourceSize": {"x":45,"y":68,"w":206,"h":341},
	"sourceSize": {"w":206,"h":341}
}
,{
	"filename": "SpriteSheet0039",
	"frame": {"x":146,"y":1290,"w":142,"h":230},
	"rotated": false,
	"trimmed": true,
	"spriteSourceSize": {"x":46,"y":75,"w":206,"h":341},
	"sourceSize": {"w":206,"h":341}
}
,{
	"filename": "SpriteSheet0040",
	"frame": {"x":1,"y":1,"w":141,"h":225},
	"rotated": false,
	"trimmed": true,
	"spriteSourceSize": {"x":46,"y":80,"w":206,"h":341},
	"sourceSize": {"w":206,"h":341}
}
,{
	"filename": "SpriteSheet0041",
	"frame": {"x":289,"y":1290,"w":131,"h":203},
	"rotated": false,
	"trimmed": true,
	"spriteSourceSize": {"x":51,"y":114,"w":206,"h":341},
	"sourceSize": {"w":206,"h":341}
}
,{
	"filename": "SpriteSheet0042",
	"frame": {"x":421,"y":1290,"w":124,"h":196},
	"rotated": false,
	"trimmed": true,
	"spriteSourceSize": {"x":54,"y":132,"w":206,"h":341},
	"sourceSize": {"w":206,"h":341}
}
,{
	"filename": "SpriteSheet0043",
	"frame": {"x":546,"y":1290,"w":118,"h":203},
	"rotated": false,
	"trimmed": true,
	"spriteSourceSize": {"x":57,"y":132,"w":206,"h":341},
	"sourceSize": {"w":206,"h":341}
}
,{
	"filename": "SpriteSheet0044",
	"frame": {"x":665,"y":1290,"w":115,"h":207},
	"rotated": false,
	"trimmed": true,
	"spriteSourceSize": {"x":59,"y":132,"w":206,"h":341},
	"sourceSize": {"w":206,"h":341}
}
,{
	"filename": "SpriteSheet0045",
	"frame": {"x":781,"y":1290,"w":113,"h":208},
	"rotated": false,
	"trimmed": true,
	"spriteSourceSize": {"x":60,"y":133,"w":206,"h":341},
	"sourceSize": {"w":206,"h":341}
}
,{
	"filename": "SpriteSheet0046",
	"frame": {"x":895,"y":1290,"w":115,"h":207},
	"rotated": false,
	"trimmed": true,
	"spriteSourceSize": {"x":59,"y":132,"w":206,"h":341},
	"sourceSize": {"w":206,"h":341}
}
,{
	"filename": "SpriteSheet0047",
	"frame": {"x":1,"y":1531,"w":118,"h":203},
	"rotated": false,
	"trimmed": true,
	"spriteSourceSize": {"x":57,"y":132,"w":206,"h":341},
	"sourceSize": {"w":206,"h":341}
}
,{
	"filename": "SpriteSheet0048",
	"frame": {"x":120,"y":1531,"w":124,"h":196},
	"rotated": false,
	"trimmed": true,
	"spriteSourceSize": {"x":54,"y":132,"w":206,"h":341},
	"sourceSize": {"w":206,"h":341}
}
,{
	"filename": "SpriteSheet0049",
	"frame": {"x":245,"y":1531,"w":131,"h":204},
	"rotated": false,
	"trimmed": true,
	"spriteSourceSize": {"x":51,"y":114,"w":206,"h":341},
	"sourceSize": {"w":206,"h":341}
}
,{
	"filename": "SpriteSheet0050",
	"frame": {"x":1,"y":1,"w":141,"h":225},
	"rotated": false,
	"trimmed": true,
	"spriteSourceSize": {"x":46,"y":80,"w":206,"h":341},
	"sourceSize": {"w":206,"h":341}
}
,{
	"filename": "SpriteSheet0051",
	"frame": {"x":377,"y":1531,"w":148,"h":216},
	"rotated": false,
	"trimmed": true,
	"spriteSourceSize": {"x":43,"y":54,"w":206,"h":341},
	"sourceSize": {"w":206,"h":341}
}
,{
	"filename": "SpriteSheet0052",
	"frame": {"x":526,"y":1531,"w":153,"h":210},
	"rotated": false,
	"trimmed": true,
	"spriteSourceSize": {"x":40,"y":39,"w":206,"h":341},
	"sourceSize": {"w":206,"h":341}
}
,{
	"filename": "SpriteSheet0053",
	"frame": {"x":680,"y":1531,"w":155,"h":209},
	"rotated": false,
	"trimmed": true,
	"spriteSourceSize": {"x":39,"y":33,"w":206,"h":341},
	"sourceSize": {"w":206,"h":341}
}
,{
	"filename": "SpriteSheet0054",
	"frame": {"x":836,"y":1531,"w":154,"h":203},
	"rotated": false,
	"trimmed": true,
	"spriteSourceSize": {"x":40,"y":40,"w":206,"h":341},
	"sourceSize": {"w":206,"h":341}
}
,{
	"filename": "SpriteSheet0055",
	"frame": {"x":1,"y":1748,"w":153,"h":188},
	"rotated": false,
	"trimmed": true,
	"spriteSourceSize": {"x":40,"y":61,"w":206,"h":341},
	"sourceSize": {"w":206,"h":341}
}
,{
	"filename": "SpriteSheet0056",
	"frame": {"x":155,"y":1748,"w":151,"h":170},
	"rotated": false,
	"trimmed": true,
	"spriteSourceSize": {"x":41,"y":89,"w":206,"h":341},
	"sourceSize": {"w":206,"h":341}
}
,{
	"filename": "SpriteSheet0057",
	"frame": {"x":307,"y":1748,"w":148,"h":171},
	"rotated": false,
	"trimmed": true,
	"spriteSourceSize": {"x":43,"y":102,"w":206,"h":341},
	"sourceSize": {"w":206,"h":341}
}
,{
	"filename": "SpriteSheet0058",
	"frame": {"x":456,"y":1748,"w":144,"h":190},
	"rotated": false,
	"trimmed": true,
	"spriteSourceSize": {"x":45,"y":99,"w":206,"h":341},
	"sourceSize": {"w":206,"h":341}
}
,{
	"filename": "SpriteSheet0059",
	"frame": {"x":601,"y":1748,"w":142,"h":213},
	"rotated": false,
	"trimmed": true,
	"spriteSourceSize": {"x":46,"y":87,"w":206,"h":341},
	"sourceSize": {"w":206,"h":341}
}
,{
	"filename": "SpriteSheet0060",
	"frame": {"x":1,"y":1,"w":141,"h":225},
	"rotated": false,
	"trimmed": true,
	"spriteSourceSize": {"x":46,"y":80,"w":206,"h":341},
	"sourceSize": {"w":206,"h":341}
}],
"meta": {
	"app": "Adobe Flash Professional",
	"version": "14.1.0.96",
	"image": "Brainy_SpriteSheet.png",
	"format": "RGBA8888",
	"size": {"w":1024,"h":2048},
	"scale": "1"
}
}
