{"frames": [

{
	"filename": "brainandbrawn_wall_false_false_false_false",
	"frame": {"x":4,"y":4,"w":256,"h":320},
	"rotated": false,
	"trimmed": false,
	"spriteSourceSize": {"x":0,"y":0,"w":256,"h":320},
	"sourceSize": {"w":256,"h":320}
},
{
	"filename": "brainandbrawn_wall_false_false_false_true",
	"frame": {"x":266,"y":4,"w":256,"h":320},
	"rotated": false,
	"trimmed": false,
	"spriteSourceSize": {"x":0,"y":0,"w":256,"h":320},
	"sourceSize": {"w":256,"h":320}
},
{
	"filename": "brainandbrawn_wall_false_false_true_false",
	"frame": {"x":528,"y":4,"w":256,"h":320},
	"rotated": false,
	"trimmed": false,
	"spriteSourceSize": {"x":0,"y":0,"w":256,"h":320},
	"sourceSize": {"w":256,"h":320}
},
{
	"filename": "brainandbrawn_wall_false_false_true_true",
	"frame": {"x":4,"y":330,"w":256,"h":320},
	"rotated": false,
	"trimmed": false,
	"spriteSourceSize": {"x":0,"y":0,"w":256,"h":320},
	"sourceSize": {"w":256,"h":320}
},
{
	"filename": "brainandbrawn_wall_false_true_false_false",
	"frame": {"x":266,"y":330,"w":256,"h":320},
	"rotated": false,
	"trimmed": false,
	"spriteSourceSize": {"x":0,"y":0,"w":256,"h":320},
	"sourceSize": {"w":256,"h":320}
},
{
	"filename": "brainandbrawn_wall_false_true_false_true",
	"frame": {"x":528,"y":330,"w":256,"h":320},
	"rotated": false,
	"trimmed": false,
	"spriteSourceSize": {"x":0,"y":0,"w":256,"h":320},
	"sourceSize": {"w":256,"h":320}
},
{
	"filename": "brainandbrawn_wall_false_true_true_false",
	"frame": {"x":4,"y":656,"w":256,"h":320},
	"rotated": false,
	"trimmed": false,
	"spriteSourceSize": {"x":0,"y":0,"w":256,"h":320},
	"sourceSize": {"w":256,"h":320}
},
{
	"filename": "brainandbrawn_wall_false_true_true_true",
	"frame": {"x":266,"y":656,"w":256,"h":320},
	"rotated": false,
	"trimmed": false,
	"spriteSourceSize": {"x":0,"y":0,"w":256,"h":320},
	"sourceSize": {"w":256,"h":320}
},
{
	"filename": "brainandbrawn_wall_true_false_false_false",
	"frame": {"x":528,"y":656,"w":256,"h":320},
	"rotated": false,
	"trimmed": false,
	"spriteSourceSize": {"x":0,"y":0,"w":256,"h":320},
	"sourceSize": {"w":256,"h":320}
},
{
	"filename": "brainandbrawn_wall_true_false_false_true",
	"frame": {"x":4,"y":982,"w":256,"h":320},
	"rotated": false,
	"trimmed": false,
	"spriteSourceSize": {"x":0,"y":0,"w":256,"h":320},
	"sourceSize": {"w":256,"h":320}
},
{
	"filename": "brainandbrawn_wall_true_false_true_false",
	"frame": {"x":4,"y":1308,"w":256,"h":320},
	"rotated": false,
	"trimmed": false,
	"spriteSourceSize": {"x":0,"y":0,"w":256,"h":320},
	"sourceSize": {"w":256,"h":320}
},
{
	"filename": "brainandbrawn_wall_true_false_true_true",
	"frame": {"x":4,"y":1634,"w":256,"h":320},
	"rotated": false,
	"trimmed": false,
	"spriteSourceSize": {"x":0,"y":0,"w":256,"h":320},
	"sourceSize": {"w":256,"h":320}
},
{
	"filename": "brainandbrawn_wall_true_true_false_false",
	"frame": {"x":266,"y":982,"w":256,"h":320},
	"rotated": false,
	"trimmed": false,
	"spriteSourceSize": {"x":0,"y":0,"w":256,"h":320},
	"sourceSize": {"w":256,"h":320}
},
{
	"filename": "brainandbrawn_wall_true_true_false_true",
	"frame": {"x":528,"y":982,"w":256,"h":320},
	"rotated": false,
	"trimmed": false,
	"spriteSourceSize": {"x":0,"y":0,"w":256,"h":320},
	"sourceSize": {"w":256,"h":320}
},
{
	"filename": "brainandbrawn_wall_true_true_true_false",
	"frame": {"x":266,"y":1308,"w":256,"h":320},
	"rotated": false,
	"trimmed": false,
	"spriteSourceSize": {"x":0,"y":0,"w":256,"h":320},
	"sourceSize": {"w":256,"h":320}
},
{
	"filename": "brainandbrawn_wall_true_true_true_true",
	"frame": {"x":266,"y":1634,"w":256,"h":320},
	"rotated": false,
	"trimmed": false,
	"spriteSourceSize": {"x":0,"y":0,"w":256,"h":320},
	"sourceSize": {"w":256,"h":320}
}],
"meta": {
	"app": "http://www.codeandweb.com/texturepacker",
	"version": "1.0",
	"image": "seamlessWalls.png",
	"format": "RGBA8888",
	"size": {"w":1024,"h":2048},
	"scale": "1",
	"smartupdate": "$TexturePacker:SmartUpdate:828c5767093979d2bea945bad593a294:02f8679ac810a93f5d572d2839bde007:9b554f61d904f3ec30c63c8b4d55f0e3$"
}
}
