﻿{"frames": [

{
	"filename": "stars.ai0000",
	"frame": {"x":1373,"y":249,"w":1,"h":1},
	"rotated": false,
	"trimmed": true,
	"spriteSourceSize": {"x":229,"y":268,"w":509,"h":431},
	"sourceSize": {"w":509,"h":431}
}
,{
	"filename": "stars.ai0001",
	"frame": {"x":1867,"y":111,"w":61,"h":59},
	"rotated": false,
	"trimmed": true,
	"spriteSourceSize": {"x":199,"y":239,"w":509,"h":431},
	"sourceSize": {"w":509,"h":431}
}
,{
	"filename": "stars.ai0002",
	"frame": {"x":1867,"y":1,"w":115,"h":109},
	"rotated": false,
	"trimmed": true,
	"spriteSourceSize": {"x":172,"y":214,"w":509,"h":431},
	"sourceSize": {"w":509,"h":431}
}
,{
	"filename": "stars.ai0003",
	"frame": {"x":1161,"y":1463,"w":159,"h":153},
	"rotated": false,
	"trimmed": true,
	"spriteSourceSize": {"x":150,"y":192,"w":509,"h":431},
	"sourceSize": {"w":509,"h":431}
}
,{
	"filename": "stars.ai0004",
	"frame": {"x":1831,"y":1231,"w":196,"h":187},
	"rotated": false,
	"trimmed": true,
	"spriteSourceSize": {"x":131,"y":175,"w":509,"h":431},
	"sourceSize": {"w":509,"h":431}
}
,{
	"filename": "stars.ai0005",
	"frame": {"x":1819,"y":497,"w":224,"h":215},
	"rotated": false,
	"trimmed": true,
	"spriteSourceSize": {"x":117,"y":161,"w":509,"h":431},
	"sourceSize": {"w":509,"h":431}
}
,{
	"filename": "stars.ai0006",
	"frame": {"x":915,"y":1463,"w":245,"h":235},
	"rotated": false,
	"trimmed": true,
	"spriteSourceSize": {"x":106,"y":151,"w":509,"h":431},
	"sourceSize": {"w":509,"h":431}
}
,{
	"filename": "stars.ai0007",
	"frame": {"x":1789,"y":249,"w":257,"h":247},
	"rotated": false,
	"trimmed": true,
	"spriteSourceSize": {"x":100,"y":145,"w":509,"h":431},
	"sourceSize": {"w":509,"h":431}
}
,{
	"filename": "stars.ai0008",
	"frame": {"x":1709,"y":980,"w":261,"h":250},
	"rotated": false,
	"trimmed": true,
	"spriteSourceSize": {"x":98,"y":144,"w":509,"h":431},
	"sourceSize": {"w":509,"h":431}
}
,{
	"filename": "stars.ai0009",
	"frame": {"x":1373,"y":1443,"w":247,"h":237},
	"rotated": false,
	"trimmed": true,
	"spriteSourceSize": {"x":105,"y":150,"w":509,"h":431},
	"sourceSize": {"w":509,"h":431}
}
,{
	"filename": "stars.ai0010",
	"frame": {"x":1621,"y":1653,"w":232,"h":223},
	"rotated": false,
	"trimmed": true,
	"spriteSourceSize": {"x":113,"y":157,"w":509,"h":431},
	"sourceSize": {"w":509,"h":431}
}
,{
	"filename": "stars.ai0011",
	"frame": {"x":1161,"y":1681,"w":217,"h":209},
	"rotated": false,
	"trimmed": true,
	"spriteSourceSize": {"x":120,"y":164,"w":509,"h":431},
	"sourceSize": {"w":509,"h":431}
}
,{
	"filename": "stars.ai0012",
	"frame": {"x":915,"y":1699,"w":217,"h":209},
	"rotated": false,
	"trimmed": true,
	"spriteSourceSize": {"x":101,"y":164,"w":509,"h":431},
	"sourceSize": {"w":509,"h":431}
}
,{
	"filename": "stars.ai0013",
	"frame": {"x":1621,"y":1443,"w":257,"h":209},
	"rotated": false,
	"trimmed": true,
	"spriteSourceSize": {"x":83,"y":164,"w":509,"h":431},
	"sourceSize": {"w":509,"h":431}
}
,{
	"filename": "stars.ai0014",
	"frame": {"x":1390,"y":980,"w":318,"h":209},
	"rotated": false,
	"trimmed": true,
	"spriteSourceSize": {"x":67,"y":164,"w":509,"h":431},
	"sourceSize": {"w":509,"h":431}
}
,{
	"filename": "stars.ai0015",
	"frame": {"x":1418,"y":249,"w":370,"h":209},
	"rotated": false,
	"trimmed": true,
	"spriteSourceSize": {"x":53,"y":164,"w":509,"h":431},
	"sourceSize": {"w":509,"h":431}
}
,{
	"filename": "stars.ai0016",
	"frame": {"x":1405,"y":533,"w":413,"h":209},
	"rotated": false,
	"trimmed": true,
	"spriteSourceSize": {"x":41,"y":164,"w":509,"h":431},
	"sourceSize": {"w":509,"h":431}
}
,{
	"filename": "stars.ai0017",
	"frame": {"x":1,"y":1679,"w":448,"h":223},
	"rotated": false,
	"trimmed": true,
	"spriteSourceSize": {"x":30,"y":157,"w":509,"h":431},
	"sourceSize": {"w":509,"h":431}
}
,{
	"filename": "stars.ai0018",
	"frame": {"x":915,"y":771,"w":474,"h":237},
	"rotated": false,
	"trimmed": true,
	"spriteSourceSize": {"x":21,"y":150,"w":509,"h":431},
	"sourceSize": {"w":509,"h":431}
}
,{
	"filename": "stars.ai0019",
	"frame": {"x":1373,"y":1,"w":493,"h":247},
	"rotated": false,
	"trimmed": true,
	"spriteSourceSize": {"x":13,"y":145,"w":509,"h":431},
	"sourceSize": {"w":509,"h":431}
}
,{
	"filename": "stars.ai0020",
	"frame": {"x":915,"y":281,"w":502,"h":251},
	"rotated": false,
	"trimmed": true,
	"spriteSourceSize": {"x":7,"y":143,"w":509,"h":431},
	"sourceSize": {"w":509,"h":431}
}
,{
	"filename": "stars.ai0021",
	"frame": {"x":915,"y":533,"w":489,"h":237},
	"rotated": false,
	"trimmed": true,
	"spriteSourceSize": {"x":3,"y":150,"w":509,"h":431},
	"sourceSize": {"w":509,"h":431}
}
,{
	"filename": "stars.ai0022",
	"frame": {"x":915,"y":1009,"w":474,"h":223},
	"rotated": false,
	"trimmed": true,
	"spriteSourceSize": {"x":1,"y":157,"w":509,"h":431},
	"sourceSize": {"w":509,"h":431}
}
,{
	"filename": "stars.ai0023",
	"frame": {"x":1373,"y":1233,"w":457,"h":209},
	"rotated": false,
	"trimmed": true,
	"spriteSourceSize": {"x":0,"y":164,"w":509,"h":431},
	"sourceSize": {"w":509,"h":431}
}
,{
	"filename": "stars.ai0024",
	"frame": {"x":1390,"y":771,"w":457,"h":208},
	"rotated": false,
	"trimmed": true,
	"spriteSourceSize": {"x":0,"y":174,"w":509,"h":431},
	"sourceSize": {"w":509,"h":431}
}
,{
	"filename": "stars.ai0025",
	"frame": {"x":915,"y":1233,"w":457,"h":229},
	"rotated": false,
	"trimmed": true,
	"spriteSourceSize": {"x":0,"y":162,"w":509,"h":431},
	"sourceSize": {"w":509,"h":431}
}
,{
	"filename": "stars.ai0026",
	"frame": {"x":915,"y":1,"w":457,"h":279},
	"rotated": false,
	"trimmed": true,
	"spriteSourceSize": {"x":0,"y":119,"w":509,"h":431},
	"sourceSize": {"w":509,"h":431}
}
,{
	"filename": "stars.ai0027",
	"frame": {"x":458,"y":1543,"w":456,"h":322},
	"rotated": false,
	"trimmed": true,
	"spriteSourceSize": {"x":0,"y":83,"w":509,"h":431},
	"sourceSize": {"w":509,"h":431}
}
,{
	"filename": "stars.ai0028",
	"frame": {"x":458,"y":1184,"w":456,"h":358},
	"rotated": false,
	"trimmed": true,
	"spriteSourceSize": {"x":0,"y":53,"w":509,"h":431},
	"sourceSize": {"w":509,"h":431}
}
,{
	"filename": "stars.ai0029",
	"frame": {"x":458,"y":796,"w":456,"h":387},
	"rotated": false,
	"trimmed": true,
	"spriteSourceSize": {"x":0,"y":30,"w":509,"h":431},
	"sourceSize": {"w":509,"h":431}
}
,{
	"filename": "stars.ai0030",
	"frame": {"x":1,"y":1270,"w":456,"h":408},
	"rotated": false,
	"trimmed": true,
	"spriteSourceSize": {"x":0,"y":13,"w":509,"h":431},
	"sourceSize": {"w":509,"h":431}
}
,{
	"filename": "stars.ai0031",
	"frame": {"x":1,"y":430,"w":456,"h":422},
	"rotated": false,
	"trimmed": true,
	"spriteSourceSize": {"x":0,"y":3,"w":509,"h":431},
	"sourceSize": {"w":509,"h":431}
}
,{
	"filename": "stars.ai0032",
	"frame": {"x":1,"y":1,"w":456,"h":428},
	"rotated": false,
	"trimmed": true,
	"spriteSourceSize": {"x":0,"y":0,"w":509,"h":431},
	"sourceSize": {"w":509,"h":431}
}
,{
	"filename": "stars.ai0033",
	"frame": {"x":1,"y":853,"w":456,"h":416},
	"rotated": false,
	"trimmed": true,
	"spriteSourceSize": {"x":0,"y":14,"w":509,"h":431},
	"sourceSize": {"w":509,"h":431}
}
,{
	"filename": "stars.ai0034",
	"frame": {"x":458,"y":1,"w":456,"h":403},
	"rotated": false,
	"trimmed": true,
	"spriteSourceSize": {"x":0,"y":28,"w":509,"h":431},
	"sourceSize": {"w":509,"h":431}
}
,{
	"filename": "stars.ai0035",
	"frame": {"x":458,"y":405,"w":456,"h":390},
	"rotated": false,
	"trimmed": true,
	"spriteSourceSize": {"x":0,"y":41,"w":509,"h":431},
	"sourceSize": {"w":509,"h":431}
}],
"meta": {
	"app": "Adobe Flash Professional",
	"version": "14.1.0.96",
	"image": "stars.png",
	"format": "RGBA8888",
	"size": {"w":2048,"h":2048},
	"scale": "1"
}
}
