{"frames": [

{
	"filename": "brainandbrawn_alien-b",
	"frame": {"x":1023,"y":2,"w":234,"h":218},
	"rotated": false,
	"trimmed": true,
	"spriteSourceSize": {"x":11,"y":83,"w":234,"h":218},
	"sourceSize": {"w":256,"h":320}
},
{
	"filename": "brainandbrawn_alien",
	"frame": {"x":776,"y":780,"w":240,"h":254},
	"rotated": false,
	"trimmed": true,
	"spriteSourceSize": {"x":8,"y":53,"w":240,"h":254},
	"sourceSize": {"w":256,"h":320}
},
{
	"filename": "brainandbrawn_alien2",
	"frame": {"x":514,"y":1806,"w":252,"h":227},
	"rotated": false,
	"trimmed": true,
	"spriteSourceSize": {"x":2,"y":84,"w":252,"h":227},
	"sourceSize": {"w":256,"h":320}
},
{
	"filename": "brainandbrawn_alien3",
	"frame": {"x":260,"y":1566,"w":252,"h":274},
	"rotated": false,
	"trimmed": true,
	"spriteSourceSize": {"x":2,"y":46,"w":252,"h":274},
	"sourceSize": {"w":256,"h":320}
},
{
	"filename": "brainandbrawn_blank",
	"frame": {"x":2,"y":1934,"w":1,"h":1},
	"rotated": false,
	"trimmed": true,
	"spriteSourceSize": {"x":0,"y":0,"w":1,"h":1},
	"sourceSize": {"w":256,"h":320}
},
{
	"filename": "brainandbrawn_block",
	"frame": {"x":2,"y":324,"w":256,"h":320},
	"rotated": false,
	"trimmed": false,
	"spriteSourceSize": {"x":0,"y":0,"w":256,"h":320},
	"sourceSize": {"w":256,"h":320}
},
{
	"filename": "brainandbrawn_brainy-b",
	"frame": {"x":768,"y":1806,"w":142,"h":223},
	"rotated": false,
	"trimmed": true,
	"spriteSourceSize": {"x":54,"y":49,"w":142,"h":223},
	"sourceSize": {"w":256,"h":320}
},
{
	"filename": "brainandbrawn_brainy",
	"frame": {"x":1259,"y":2,"w":142,"h":210},
	"rotated": false,
	"trimmed": true,
	"spriteSourceSize": {"x":58,"y":46,"w":142,"h":210},
	"sourceSize": {"w":256,"h":320}
},
{
	"filename": "brainandbrawn_brawny-b",
	"frame": {"x":518,"y":590,"w":256,"h":261},
	"rotated": false,
	"trimmed": true,
	"spriteSourceSize": {"x":0,"y":59,"w":256,"h":261},
	"sourceSize": {"w":256,"h":320}
},
{
	"filename": "brainandbrawn_brawny",
	"frame": {"x":260,"y":1274,"w":242,"h":290},
	"rotated": false,
	"trimmed": true,
	"spriteSourceSize": {"x":7,"y":17,"w":242,"h":290},
	"sourceSize": {"w":256,"h":320}
},
{
	"filename": "brainandbrawn_floor",
	"frame": {"x":518,"y":853,"w":256,"h":256},
	"rotated": false,
	"trimmed": true,
	"spriteSourceSize": {"x":0,"y":64,"w":256,"h":256},
	"sourceSize": {"w":256,"h":320}
},
{
	"filename": "brainandbrawn_gateNew1C",
	"frame": {"x":2,"y":646,"w":256,"h":320},
	"rotated": false,
	"trimmed": false,
	"spriteSourceSize": {"x":0,"y":0,"w":256,"h":320},
	"sourceSize": {"w":256,"h":320}
},
{
	"filename": "brainandbrawn_gateNew1D",
	"frame": {"x":504,"y":1274,"w":256,"h":264},
	"rotated": false,
	"trimmed": true,
	"spriteSourceSize": {"x":0,"y":56,"w":256,"h":264},
	"sourceSize": {"w":256,"h":320}
},
{
	"filename": "brainandbrawn_gateNew2C",
	"frame": {"x":2,"y":968,"w":256,"h":320},
	"rotated": false,
	"trimmed": false,
	"spriteSourceSize": {"x":0,"y":0,"w":256,"h":320},
	"sourceSize": {"w":256,"h":320}
},
{
	"filename": "brainandbrawn_gateNew2D",
	"frame": {"x":514,"y":1540,"w":256,"h":264},
	"rotated": false,
	"trimmed": true,
	"spriteSourceSize": {"x":0,"y":56,"w":256,"h":264},
	"sourceSize": {"w":256,"h":320}
},
{
	"filename": "brainandbrawn_gateNew3C",
	"frame": {"x":2,"y":1290,"w":256,"h":320},
	"rotated": false,
	"trimmed": false,
	"spriteSourceSize": {"x":0,"y":0,"w":256,"h":320},
	"sourceSize": {"w":256,"h":320}
},
{
	"filename": "brainandbrawn_gateNew3D",
	"frame": {"x":518,"y":324,"w":256,"h":264},
	"rotated": false,
	"trimmed": true,
	"spriteSourceSize": {"x":0,"y":56,"w":256,"h":264},
	"sourceSize": {"w":256,"h":320}
},
{
	"filename": "brainandbrawn_gateNew4C",
	"frame": {"x":2,"y":1612,"w":256,"h":320},
	"rotated": false,
	"trimmed": false,
	"spriteSourceSize": {"x":0,"y":0,"w":256,"h":320},
	"sourceSize": {"w":256,"h":320}
},
{
	"filename": "brainandbrawn_gateNew4D",
	"frame": {"x":519,"y":2,"w":256,"h":264},
	"rotated": false,
	"trimmed": true,
	"spriteSourceSize": {"x":0,"y":56,"w":256,"h":264},
	"sourceSize": {"w":256,"h":320}
},
{
	"filename": "brainandbrawn_goalBrainy",
	"frame": {"x":762,"y":1111,"w":256,"h":256},
	"rotated": false,
	"trimmed": true,
	"spriteSourceSize": {"x":0,"y":64,"w":256,"h":256},
	"sourceSize": {"w":256,"h":320}
},
{
	"filename": "brainandbrawn_goalBrawny",
	"frame": {"x":772,"y":1369,"w":256,"h":256},
	"rotated": false,
	"trimmed": true,
	"spriteSourceSize": {"x":0,"y":64,"w":256,"h":256},
	"sourceSize": {"w":256,"h":320}
},
{
	"filename": "brainandbrawn_moveable",
	"frame": {"x":260,"y":324,"w":256,"h":320},
	"rotated": false,
	"trimmed": false,
	"spriteSourceSize": {"x":0,"y":0,"w":256,"h":320},
	"sourceSize": {"w":256,"h":320}
},
{
	"filename": "brainandbrawn_pipe0",
	"frame": {"x":261,"y":2,"w":256,"h":320},
	"rotated": false,
	"trimmed": false,
	"spriteSourceSize": {"x":0,"y":0,"w":256,"h":320},
	"sourceSize": {"w":256,"h":320}
},
{
	"filename": "brainandbrawn_slidingBlock",
	"frame": {"x":260,"y":968,"w":256,"h":304},
	"rotated": false,
	"trimmed": true,
	"spriteSourceSize": {"x":1,"y":16,"w":256,"h":304},
	"sourceSize": {"w":257,"h":320}
},
{
	"filename": "brainandbrawn_spikedBlock",
	"frame": {"x":260,"y":646,"w":256,"h":320},
	"rotated": false,
	"trimmed": false,
	"spriteSourceSize": {"x":0,"y":0,"w":256,"h":320},
	"sourceSize": {"w":256,"h":320}
},
{
	"filename": "brainandbrawn_switchNew1A",
	"frame": {"x":912,"y":1627,"w":244,"h":254},
	"rotated": false,
	"trimmed": true,
	"spriteSourceSize": {"x":6,"y":60,"w":244,"h":254},
	"sourceSize": {"w":256,"h":320}
},
{
	"filename": "brainandbrawn_switchNew1B",
	"frame": {"x":1018,"y":780,"w":244,"h":244},
	"rotated": false,
	"trimmed": true,
	"spriteSourceSize": {"x":6,"y":70,"w":244,"h":244},
	"sourceSize": {"w":256,"h":320}
},
{
	"filename": "brainandbrawn_switchNew2A",
	"frame": {"x":776,"y":268,"w":244,"h":254},
	"rotated": false,
	"trimmed": true,
	"spriteSourceSize": {"x":6,"y":60,"w":244,"h":254},
	"sourceSize": {"w":256,"h":320}
},
{
	"filename": "brainandbrawn_switchNew2B",
	"frame": {"x":1020,"y":1026,"w":244,"h":244},
	"rotated": false,
	"trimmed": true,
	"spriteSourceSize": {"x":6,"y":70,"w":244,"h":244},
	"sourceSize": {"w":256,"h":320}
},
{
	"filename": "brainandbrawn_switchNew3A",
	"frame": {"x":777,"y":2,"w":244,"h":254},
	"rotated": false,
	"trimmed": true,
	"spriteSourceSize": {"x":6,"y":60,"w":244,"h":254},
	"sourceSize": {"w":256,"h":320}
},
{
	"filename": "brainandbrawn_switchNew3B",
	"frame": {"x":1030,"y":1272,"w":244,"h":244},
	"rotated": false,
	"trimmed": true,
	"spriteSourceSize": {"x":7,"y":70,"w":244,"h":244},
	"sourceSize": {"w":257,"h":320}
},
{
	"filename": "brainandbrawn_switchNew4A",
	"frame": {"x":776,"y":524,"w":244,"h":254},
	"rotated": false,
	"trimmed": true,
	"spriteSourceSize": {"x":7,"y":60,"w":244,"h":254},
	"sourceSize": {"w":257,"h":320}
},
{
	"filename": "brainandbrawn_switchNew4B",
	"frame": {"x":1022,"y":258,"w":244,"h":244},
	"rotated": false,
	"trimmed": true,
	"spriteSourceSize": {"x":6,"y":70,"w":244,"h":244},
	"sourceSize": {"w":256,"h":320}
},
{
	"filename": "brainandbrawn_wallDamaged",
	"frame": {"x":2,"y":2,"w":257,"h":320},
	"rotated": false,
	"trimmed": false,
	"spriteSourceSize": {"x":0,"y":0,"w":257,"h":320},
	"sourceSize": {"w":257,"h":320}
},
{
    "filename": "brainandbrawn_coloredPeg1",
    "frame": {"x":1792,"y":646,"w":256,"h":320},
    "rotated": false,   
    "trimmed": false,
    "spriteSourceSize": {"x":0,"y":0,"w":256,"h":320},
    "sourceSize": {"w":256,"h":320}
},
{
    "filename": "brainandbrawn_coloredPeg2",
    "frame": {"x":1792,"y":968,"w":256,"h":320},
    "rotated": false,
    "trimmed": false,
    "spriteSourceSize": {"x":0,"y":0,"w":256,"h":320},
    "sourceSize": {"w":256,"h":320}
},
{
    "filename": "brainandbrawn_coloredPeg3",
    "frame": {"x":1792,"y":1290,"w":256,"h":320},
    "rotated": false,
    "trimmed": false,
    "spriteSourceSize": {"x":0,"y":0,"w":256,"h":320},
    "sourceSize": {"w":256,"h":320}
},
{
    "filename": "brainandbrawn_coloredPeg4",
    "frame": {"x":1792,"y":1612,"w":256,"h":320},
    "rotated": false,
    "trimmed": false,
    "spriteSourceSize": {"x":0,"y":0,"w":256,"h":320},
    "sourceSize": {"w":256,"h":320}
},
{
    "filename": "brainandbrawn_alien4",
    "frame": {"x":1796,"y":2,"w":252,"h":274},
    "rotated": false,
    "trimmed": false,
    "spriteSourceSize": {"x":0,"y":0,"w":256,"h":320},
    "sourceSize": {"w":256,"h":320}
}
],
"meta": {
	"app": "http://www.codeandweb.com/texturepacker",
	"version": "1.0",
	"image": "spritesheet.png",
	"format": "RGBA8888",
	"size": {"w":2048,"h":2048},
	"scale": "1",
	"smartupdate": "$TexturePacker:SmartUpdate:0c1d64c834e0e7f4c158dfa1724fc528:bf48b69de12342dfe8a1727991362ef8:729adc6043343cfda41c447ce8f464d6$"
}
}
