{"saved":true,"name":"test","height":11,"width":10,"active":[[" "," "," "," "," "," "," "," "," "," "],[" "," "," "," "," "," "," "," "," "," "],[" "," "," "," "," "," "," "," ","B"," "],[" "," "," "," "," "," "," "," "," "," "],[" "," "," "," "," "," "," "," "," "," "],[" "," "," ","b"," "," "," "," "," "," "],[" "," "," "," "," "," "," "," "," "," "],[" "," "," "," "," "," "," "," "," "," "],[" "," "," "," "," "," "," "," "," "," "],[" "," "," "," "," "," "," "," "," "," "],[" "," "," "," "," "," "," "," "," "," "]],"fixed":[["n","n","#","#","#","n","n","#","#","n"],["n"," "," ","#"," "," "," "," "," ","n"],["n","#"," "," "," "," "," "," "," ","#"],["#"," "," "," "," "," "," "," ","#","#"],["#"," ","#"," "," "," "," "," "," ","n"],["#"," "," "," "," "," "," "," "," ","n"],["n"," "," "," "," "," "," "," "," ","#"],["n"," "," "," "," ","g","#"," "," ","#"],["#"," "," ","#"," "," "," "," "," ","n"],["#"," "," "," "," "," "," "," ","G","#"],["#","#","#","n","#","#","n","#","#","#"]],"starLevels":[12,7]}