{"saved":true,"height":9,"width":6,"active":[[" "," "," "," "," "," "],[" ","B"," "," "," "," "],[" "," "," "," "," "," "],[" "," "," "," "," "," "],[" "," "," "," "," "," "],[" "," "," "," "," "," "],[" "," "," ","b"," "," "],[" "," "," "," "," "," "],[" "," "," "," "," "," "]],"fixed":[["#","#","#","#","#","#"],["#"," ","11","15","7","#"],["#","15","3","7","11","#"],["#","#","#","#","G","#"],["n","#","13","#","#","#"],["#","#","g"," ","9","#"],["#","5"," "," ","#","#"],["#","#","#","1","#","n"],["n","n","#","#","#","n"]],"starLevels":[12,11],"name":"test"}