{"saved":true,"name":"test","height":12,"width":6,"active":[[" "," "," "," "," "," "],[" "," ","B","b"," "," "],[" "," "," "," "," "," "],[" "," "," "," "," "," "],[" "," "," "," "," "," "],[" "," "," "," "," "," "],[" "," "," "," "," "," "],[" "," "," "," "," "," "],[" "," "," "," "," "," "],[" "," "," "," "," "," "],[" "," "," "," "," "," "],[" "," "," "," "," "," "]],"fixed":[["#","#","#","#","#","#"],["#"," "," "," ","E","#"],["#"," ","#"," "," ","#"],["#"," "," "," "," ","#"],["n","#"," ","E"," ","#"],["n","#"," ","#"," ","#"],["#"," "," "," "," ","#"],["#"," "," ","#","#","#"],["#"," "," "," "," ","#"],["#","#","#"," "," ","#"],["#","G","g","E"," ","#"],["#","#","#","#","#","#"]],"starLevels":[24,17]}